Workbook

Sheet Ex.excel01
A1: Tabela de Produtos da Cafeteria
A2: id_Produto | B2: Tipo_de_Cafe | C2: Tamanho | D2: Valor_unitário | E2: Quantidade
A3: 1 | B3: Ara | C3: G | D3: 3 | E3: 10
A4: 2 | B4: Ara | C4: G | D4: 29 | E4: 20
A5: 3 | B5: Lib | C5: M | D5: 3 | E5: 30
A6: 4 | B6: Robusto | C6: P | D6: 13 | E6: 40

Sheet Ex.excel02
A1: Falidos e Quebrados LTDA.
A2: Funcionário | B2: Produtos | C2: Vendas | D2: Resultado
A3: Abrilina | B3: Mouse | C3: 8 | D3: =IF(Ex.excel02!$C$3:$C$8 > 5, "Ótimo",(IF(Ex.excel02!$C$3:$C$8< 5, "Péssimo", "Regular"))) -> Ótimo
A4: Cheropita | B4: Teclado | C4: 5 | D4: =IF(Ex.excel02!$C$3:$C$8 > 5, "Ótimo",(IF(Ex.excel02!$C$3:$C$8< 5, "Péssimo", "Regular"))) -> Regular
A5: Aldegunda | B5: Monitor | C5: 9 | D5: =IF(Ex.excel02!$C$3:$C$8 > 5, "Ótimo",(IF(Ex.excel02!$C$3:$C$8< 5, "Péssimo", "Regular"))) -> Ótimo
A6: Arquibaldo | B6: Gabinete | C6: 4 | D6: =IF(Ex.excel02!$C$3:$C$8 > 5, "Ótimo",(IF(Ex.excel02!$C$3:$C$8< 5, "Péssimo", "Regular"))) -> Péssimo
A7: Clarisbadeu | B7: Disquete | C7: 6 | D7: =IF(Ex.excel02!$C$3:$C$8 > 5, "Ótimo",(IF(Ex.excel02!$C$3:$C$8< 5, "Péssimo", "Regular"))) -> Ótimo
A8: Fredolino | B8: Impressora | C8: 3 | D8: =IF(Ex.excel02!$C$3:$C$8 > 5, "Ótimo",(IF(Ex.excel02!$C$3:$C$8< 5, "Péssimo", "Regular"))) -> Péssimo

Sheet Ex.excel03
A1: Notas Escolares
A2: RA | B2: Nome de aluno | C2: Nota 1 Trimestre | D2: Nota 2 Trimestre | E2: Nota 3 Trimeste | F2: Média Final | G2: Resultado
A3: 2001 | B3: Astro | C3: 5 | D3: 6 | E3: 8 | F3: =AVERAGE(C3:E3) -> 6.3333333 | G3: =IF(Ex.excel03!$F$3:$F$7>= 6, "Aprovado", "Reprovado") -> Aprovado
A4: 2002 | B4: Celeste | C4: 10 | D4: 7 | E4: 8 | F4: =AVERAGE(C4:E4) -> 8.3333333 | G4: =IF(Ex.excel03!$F$3:$F$7>= 6, "Aprovado", "Reprovado") -> Aprovado
A5: 2003 | B5: Elvira | C5: 5 | D5: 2 | E5: 8 | F5: =AVERAGE(C5:E5) -> 5 | G5: =IF(Ex.excel03!$F$3:$F$7>= 6, "Aprovado", "Reprovado") -> Reprovado
A6: 2004 | B6: Homer | C6: 2 | D6: 1 | E6: 3 | F6: =AVERAGE(C6:E6) -> 2 | G6: =IF(Ex.excel03!$F$3:$F$7>= 6, "Aprovado", "Reprovado") -> Reprovado
A7: 2005 | B7: Chevrolet da Silva | C7: 4 | D7: 7 | E7: 8 | F7: =AVERAGE(C7:E7) -> 6.3333333 | G7: =IF(Ex.excel03!$F$3:$F$7>= 6, "Aprovado", "Reprovado") -> Aprovado

Sheet Ex.excel04
A1: Recrutamento para vaga do emprego
A2: Nome | B2: Idade | C2: Ensino médio | D2: Curso Técnico | E2: Anos de experiência na área | F2: Situação
A3: Alfa Romeu Julia | B3: 17 | C3: Não | D3: Sim | E3: 1 | F3: =IF(AND(Ex.excel04!$B$3:$B$7>=18,Ex.excel04!$C$3:$C$7, Ex.excel04!$D$3:$D$7 = "Sim", Ex.excel04!$E$3:$E$7 >=3), "Apto", "Não Apto") -> Não Apto
A4: Fusclaudia de Oliveira | B4: 24 | C4: Sim | D4: Sim | E4: 3 | F4: =IF(AND(Ex.excel04!$B$3:$B$7>=18,Ex.excel04!$C$3:$C$7, Ex.excel04!$D$3:$D$7 = "Sim", Ex.excel04!$E$3:$E$7 >=3), "Apto", "Não Apto") -> Apto
A5: Unotavio dos Santos | B5: 28 | C5: Sim | D5: Sim | E5: 4 | F5: =IF(AND(Ex.excel04!$B$3:$B$7>=18,Ex.excel04!$C$3:$C$7, Ex.excel04!$D$3:$D$7 = "Sim", Ex.excel04!$E$3:$E$7 >=3), "Apto", "Não Apto") -> Apto
A6: Nissan Silvia | B6: 18 | C6: Sim | D6: Não | E6: 1 | F6: =IF(AND(Ex.excel04!$B$3:$B$7>=18,Ex.excel04!$C$3:$C$7, Ex.excel04!$D$3:$D$7 = "Sim", Ex.excel04!$E$3:$E$7 >=3), "Apto", "Não Apto") -> Não Apto
A7: Ferrari Enzo | B7: 22 | C7: Sim | D7: Sim | E7: 2 | F7: =IF(AND(Ex.excel04!$B$3:$B$7>=18,Ex.excel04!$C$3:$C$7, Ex.excel04!$D$3:$D$7 = "Sim", Ex.excel04!$E$3:$E$7 >=3), "Apto", "Não Apto") -> Não Apto

Sheet Panilha_tratada
A1: status | B1: nome | C1: cpf | D1: idade | E1: data_nascimento | F1: cidade | G1: regiao | H1: renda_mensal | I1: credito_tomado | J1: flag_inadimplente | K1: qtde_batalhas | L1: nivel_risco | M1: análise_risco | N1: análise_risco2 | O1: valor_solicitado | P1: liberação_de_crédito
A2: Ativo | B2: Ellaria Baelish | C2: 000.000.336-00 | D2: 32 | E2: 34347 | F2: Ninho da Águia | G2: Vale | H2: 15600 | I2: 0 | J2: Sim | K2: 34 | L2: =IFS(K2<=10,"Baixo",K2<=25, "Médio", K2>25, "Alto") -> Alto | M2: =IF(AND(J2="Sim", L2="Alto"),"Negado","Aceito") -> Negado | N2: =IF(AND(I2> 50000, J2 = "Sim"),"Negativa", "Positiva") -> Positiva | O2: 16000 | P2: =IF(AND(Q2=1,A2="Ativo"), O2*1.08, 0) -> 17280 | Q2: =IF(AND(M2="Negado", N2="Negativa"),0,1) -> 1
A3: Inativo | B3: Stannis Lannister | C3: 36100 | D3: 24 | E3: 37313 | F3: Ponta Tempestade | G3: Terras Da Tempestade | H3: 11000 | I3: 76500 | J3: Sim | K3: 33 | L3: =IFS(K3<=10,"Baixo",K3<=25, "Médio", K3>25, "Alto") -> Alto | M3: =IF(AND(J3="Sim", L3="Alto"),"Negado","Aceito") -> Negado | N3: =IF(AND(I3> 50000, J3 = "Sim"),"Negativa", "Positiva") -> Negativa | O3: 26000 | P3: =IF(AND(Q3=1,A3="Ativo"), O3*1.08, 0) -> 0 | Q3: =IF(AND(M3="Negado", N3="Negativa"),0,1) -> 0
A4: Ativo | B4: Asha Hornwood | C4: 000.000.363-00 | D4: 33 | E4: 34144 | F4: Pedra do Dragão | G4: Terras Da Coroa | H4: 21500 | I4: - | J4: Não | K4: 22 | L4: =IFS(K4<=10,"Baixo",K4<=25, "Médio", K4>25, "Alto") -> Médio | M4: =IF(AND(J4="Sim", L4="Alto"),"Negado","Aceito") -> Aceito | N4: =IF(AND(I4> 50000, J4 = "Sim"),"Negativa", "Positiva") -> Positiva | O4: 51500 | P4: =IF(AND(Q4=1,A4="Ativo"), O4*1.08, 0) -> 55620 | Q4: =IF(AND(M4="Negado", N4="Negativa"),0,1) -> 1
A5: Ativo | B5: Jorah Dondarrion | C5: 000.000.210-00 | D5: 63 | E5: 23156 | F5: Pyke | G5: Ilhas De Ferro | H5: 10400 | I5: 8500 | J5: Não | K5: 39 | L5: =IFS(K5<=10,"Baixo",K5<=25, "Médio", K5>25, "Alto") -> Alto | M5: =IF(AND(J5="Sim", L5="Alto"),"Negado","Aceito") -> Aceito | N5: =IF(AND(I5> 50000, J5 = "Sim"),"Negativa", "Positiva") -> Positiva | O5: 36500 | P5: =IF(AND(Q5=1,A5="Ativo"), O5*1.08, 0) -> 39420 | Q5: =IF(AND(M5="Negado", N5="Negativa"),0,1) -> 1
A6: Ativo | B6: Jojen Florent | C6: 000.000.321-00 | D6: 33 | E6: 34299 | F6: Ninho da Águia | G6: Vale | H6: 30000 | I6: - | J6: Não | K6: 5 | L6: =IFS(K6<=10,"Baixo",K6<=25, "Médio", K6>25, "Alto") -> Baixo | M6: =IF(AND(J6="Sim", L6="Alto"),"Negado","Aceito") -> Aceito | N6: =IF(AND(I6> 50000, J6 = "Sim"),"Negativa", "Positiva") -> Positiva | O6: 65000 | P6: =IF(AND(Q6=1,A6="Ativo"), O6*1.08, 0) -> 70200 | Q6: =IF(AND(M6="Negado", N6="Negativa"),0,1) -> 1
A7: Ativo | B7: Olenna Baelish | C7: 000.000.191-00 | D7: 48 | E7: 28647 | F7: Lannisporto | G7: Oeste | H7: 13200 | I7: 3500 | J7: Não | K7: 1 | L7: =IFS(K7<=10,"Baixo",K7<=25, "Médio", K7>25, "Alto") -> Baixo | M7: =IF(AND(J7="Sim", L7="Alto"),"Negado","Aceito") -> Aceito | N7: =IF(AND(I7> 50000, J7 = "Sim"),"Negativa", "Positiva") -> Positiva | O7: 32500 | P7: =IF(AND(Q7=1,A7="Ativo"), O7*1.08, 0) -> 35100 | Q7: =IF(AND(M7="Negado", N7="Negativa"),0,1) -> 1
A8: Ativo | B8: Brienne Manderly | C8: 000.000.076-00 | D8: 28 | E8: 35887 | F8: Lannisporto | G8: Oeste | H8: 8600 | I8: 19000 | J8: Sim | K8: 4 | L8: =IFS(K8<=10,"Baixo",K8<=25, "Médio", K8>25, "Alto") -> Baixo | M8: =IF(AND(J8="Sim", L8="Alto"),"Negado","Aceito") -> Aceito | N8: =IF(AND(I8> 50000, J8 = "Sim"),"Negativa", "Positiva") -> Positiva | O8: 32500 | P8: =IF(AND(Q8=1,A8="Ativo"), O8*1.08, 0) -> 35100 | Q8: =IF(AND(M8="Negado", N8="Negativa"),0,1) -> 1
A9: Inativo | B9: Yara Targaryen | C9: 000.000.059-00 | D9: 42 | E9: 30899 | F9: Pyke | G9: Ilhas De Ferro | H9: 18200 | I9: 31000 | J9: Não | K9: 19 | L9: =IFS(K9<=10,"Baixo",K9<=25, "Médio", K9>25, "Alto") -> Médio | M9: =IF(AND(J9="Sim", L9="Alto"),"Negado","Aceito") -> Aceito | N9: =IF(AND(I9> 50000, J9 = "Sim"),"Negativa", "Positiva") -> Positiva | O9: 63500 | P9: =IF(AND(Q9=1,A9="Ativo"), O9*1.08, 0) -> 0 | Q9: =IF(AND(M9="Negado", N9="Negativa"),0,1) -> 1
A10: Ativo | B10: Margaery Tarly | C10: 000.000.274-00 | D10: 34 | E10: 33624 | F10: Pyke | G10: Ilhas De Ferro | H10: 8000 | I10: 14.5 | J10: Sim | K10: 9 | L10: =IFS(K10<=10,"Baixo",K10<=25, "Médio", K10>25, "Alto") -> Baixo | M10: =IF(AND(J10="Sim", L10="Alto"),"Negado","Aceito") -> Aceito | N10: =IF(AND(I10> 50000, J10 = "Sim"),"Negativa", "Positiva") -> Positiva | O10: 17500 | P10: =IF(AND(Q10=1,A10="Ativo"), O10*1.08, 0) -> 18900 | Q10: =IF(AND(M10="Negado", N10="Negativa"),0,1) -> 1
A11: Inativo | B11: Viserys Seaworth | C11: 000.000.024-00 | D11: 62 | E11: 23667 | F11: Meereen | G11: Essos | H11: 23000 | I11: 44500 | J11: Sim | K11: 32 | L11: =IFS(K11<=10,"Baixo",K11<=25, "Médio", K11>25, "Alto") -> Alto | M11: =IF(AND(J11="Sim", L11="Alto"),"Negado","Aceito") -> Negado | N11: =IF(AND(I11> 50000, J11 = "Sim"),"Negativa", "Positiva") -> Positiva | O11: 2000 | P11: =IF(AND(Q11=1,A11="Ativo"), O11*1.08, 0) -> 0 | Q11: =IF(AND(M11="Negado", N11="Negativa"),0,1) -> 1
A12: Ativo | B12: Tormund Cerwyn | C12: 000.000.039-00 | D12: 33 | E12: 34147 | F12: Meereen | G12: Essos | H12: 28700 | I12: 12500 | J12: Não | K12: 41 | L12: =IFS(K12<=10,"Baixo",K12<=25, "Médio", K12>25, "Alto") -> Alto | M12: =IF(AND(J12="Sim", L12="Alto"),"Negado","Aceito") -> Aceito | N12: =IF(AND(I12> 50000, J12 = "Sim"),"Negativa", "Positiva") -> Positiva | O12: 99500 | P12: =IF(AND(Q12=1,A12="Ativo"), O12*1.08, 0) -> 107460 | Q12: =IF(AND(M12="Negado", N12="Negativa"),0,1) -> 1
A13: Ativo | B13: Catelyn Westerling | C13: 35800 | D13: 70 | E13: 20515 | F13: Braavos | G13: Essos | H13: 19500 | I13: 62000 | J13: Sim | K13: 45 | L13: =IFS(K13<=10,"Baixo",K13<=25, "Médio", K13>25, "Alto") -> Alto | M13: =IF(AND(J13="Sim", L13="Alto"),"Negado","Aceito") -> Negado | N13: =IF(AND(I13> 50000, J13 = "Sim"),"Negativa", "Positiva") -> Negativa | O13: 35500 | P13: =IF(AND(Q13=1,A13="Ativo"), O13*1.08, 0) -> 0 | Q13: =IF(AND(M13="Negado", N13="Negativa"),0,1) -> 0
A14: Ativo | B14: Robb Baratheon | C14: 000.000.365-00 | D14: 54 | E14: 26382 | F14: Ponta Tempestade | G14: Terras Da Tempestade | H14: 22100 | I14: 37000 | J14: Não | K14: 34 | L14: =IFS(K14<=10,"Baixo",K14<=25, "Médio", K14>25, "Alto") -> Alto | M14: =IF(AND(J14="Sim", L14="Alto"),"Negado","Aceito") -> Aceito | N14: =IF(AND(I14> 50000, J14 = "Sim"),"Negativa", "Positiva") -> Positiva | O14: 87000 | P14: =IF(AND(Q14=1,A14="Ativo"), O14*1.08, 0) -> 93960 | Q14: =IF(AND(M14="Negado", N14="Negativa"),0,1) -> 1
A15: Ativo | B15: Asha Tallhart | C15: 8600 | D15: 38 | E15: 32260 | F15: Pyke | G15: Ilhas De Ferro | H15: 17600 | I15: 0 | J15: Sim | K15: 31 | L15: =IFS(K15<=10,"Baixo",K15<=25, "Médio", K15>25, "Alto") -> Alto | M15: =IF(AND(J15="Sim", L15="Alto"),"Negado","Aceito") -> Negado | N15: =IF(AND(I15> 50000, J15 = "Sim"),"Negativa", "Positiva") -> Positiva | O15: 47500 | P15: =IF(AND(Q15=1,A15="Ativo"), O15*1.08, 0) -> 51300 | Q15: =IF(AND(M15="Negado", N15="Negativa"),0,1) -> 1
A16: Inativo | B16: Missandei Tarly | C16: 200 | D16: 56 | E16: 25892 | F16: Ponta Tempestade | G16: Terras Da Tempestade | H16: 5300 | I16: 6.5 | J16: Não | K16: 42 | L16: =IFS(K16<=10,"Baixo",K16<=25, "Médio", K16>25, "Alto") -> Alto | M16: =IF(AND(J16="Sim", L16="Alto"),"Negado","Aceito") -> Aceito | N16: =IF(AND(I16> 50000, J16 = "Sim"),"Negativa", "Positiva") -> Positiva | O16: 96000 | P16: =IF(AND(Q16=1,A16="Ativo"), O16*1.08, 0) -> 0 | Q16: =IF(AND(M16="Negado", N16="Negativa"),0,1) -> 1
A17: Inativo | B17: Jeor Mallister | C17: 000.000.162-00 | D17: 47 | E17: 29064 | F17: Correrrio | G17: Terras Fluviais | H17: 13300 | I17: 1000 | J17: Sim | K17: 24 | L17: =IFS(K17<=10,"Baixo",K17<=25, "Médio", K17>25, "Alto") -> Médio | M17: =IF(AND(J17="Sim", L17="Alto"),"Negado","Aceito") -> Aceito | N17: =IF(AND(I17> 50000, J17 = "Sim"),"Negativa", "Positiva") -> Positiva | O17: 61500 | P17: =IF(AND(Q17=1,A17="Ativo"), O17*1.08, 0) -> 0 | Q17: =IF(AND(M17="Negado", N17="Negativa"),0,1) -> 1
A18: Inativo | B18: Eddard Crakehall | C18: 31800 | D18: 43 | E18: 30391 | F18: Castelo Negro | G18: Norte | H18: 7100 | I18: 5500 | J18: Não | K18: 23 | L18: =IFS(K18<=10,"Baixo",K18<=25, "Médio", K18>25, "Alto") -> Médio | M18: =IF(AND(J18="Sim", L18="Alto"),"Negado","Aceito") -> Aceito | N18: =IF(AND(I18> 50000, J18 = "Sim"),"Negativa", "Positiva") -> Positiva | O18: 67000 | P18: =IF(AND(Q18=1,A18="Ativo"), O18*1.08, 0) -> 0 | Q18: =IF(AND(M18="Negado", N18="Negativa"),0,1) -> 1
A19: Ativo | B19: Podrick Swyft | C19: 000.000.090-00 | D19: 32 | E19: 34398 | F19: Correrrio | G19: Terras Fluviais | H19: 21300 | I19: 48000 | J19: Não | K19: 11 | L19: =IFS(K19<=10,"Baixo",K19<=25, "Médio", K19>25, "Alto") -> Médio | M19: =IF(AND(J19="Sim", L19="Alto"),"Negado","Aceito") -> Aceito | N19: =IF(AND(I19> 50000, J19 = "Sim"),"Negativa", "Positiva") -> Positiva | O19: 35000 | P19: =IF(AND(Q19=1,A19="Ativo"), O19*1.08, 0) -> 37800 | Q19: =IF(AND(M19="Negado", N19="Negativa"),0,1) -> 1
A20: Ativo | B20: Podrick Dayne | C20: 22300 | D20: 26 | E20: 36536 | F20: Vilavelha | G20: Campina | H20: 9400 | I20: 51500 | J20: Não | K20: 14 | L20: =IFS(K20<=10,"Baixo",K20<=25, "Médio", K20>25, "Alto") -> Médio | M20: =IF(AND(J20="Sim", L20="Alto"),"Negado","Aceito") -> Aceito | N20: =IF(AND(I20> 50000, J20 = "Sim"),"Negativa", "Positiva") -> Positiva | O20: 29500 | P20: =IF(AND(Q20=1,A20="Ativo"), O20*1.08, 0) -> 31860 | Q20: =IF(AND(M20="Negado", N20="Negativa"),0,1) -> 1
A21: Ativo | B21: Ellaria Seaworth | C21: 000.000.125-00 | D21: 23 | E21: 37627 | F21: Correrrio | G21: Terras Fluviais | H21: 0 | I21: 69000 | J21: Não | K21: 20 | L21: =IFS(K21<=10,"Baixo",K21<=25, "Médio", K21>25, "Alto") -> Médio | M21: =IF(AND(J21="Sim", L21="Alto"),"Negado","Aceito") -> Aceito | N21: =IF(AND(I21> 50000, J21 = "Sim"),"Negativa", "Positiva") -> Positiva | O21: 69000 | P21: =IF(AND(Q21=1,A21="Ativo"), O21*1.08, 0) -> 74520 | Q21: =IF(AND(M21="Negado", N21="Negativa"),0,1) -> 1
A22: Inativo | B22: Melisandre Clegane | C22: 000.000.231-00 | D22: 54 | E22: 26629 | F22: Ilha dos Ursos | G22: Norte | H22: 16500 | I22: 4000 | J22: Não | K22: 14 | L22: =IFS(K22<=10,"Baixo",K22<=25, "Médio", K22>25, "Alto") -> Médio | M22: =IF(AND(J22="Sim", L22="Alto"),"Negado","Aceito") -> Aceito | N22: =IF(AND(I22> 50000, J22 = "Sim"),"Negativa", "Positiva") -> Positiva | O22: 36000 | P22: =IF(AND(Q22=1,A22="Ativo"), O22*1.08, 0) -> 0 | Q22: =IF(AND(M22="Negado", N22="Negativa"),0,1) -> 1
A23: Ativo | B23: Robert Karstark | C23: 000.000.184-00 | D23: 68 | E23: 21378 | F23: Meereen | G23: Essos | H23: 14300 | I23: 32500 | J23: Sim | K23: 15 | L23: =IFS(K23<=10,"Baixo",K23<=25, "Médio", K23>25, "Alto") -> Médio | M23: =IF(AND(J23="Sim", L23="Alto"),"Negado","Aceito") -> Aceito | N23: =IF(AND(I23> 50000, J23 = "Sim"),"Negativa", "Positiva") -> Positiva | O23: 8000 | P23: =IF(AND(Q23=1,A23="Ativo"), O23*1.08, 0) -> 8640 | Q23: =IF(AND(M23="Negado", N23="Negativa"),0,1) -> 1
A24: Inativo | B24: Rhaegar Stark | C24: 000.000.119-00 | D24: 33 | E24: 34082 | F24: Meereen | G24: Essos | H24: 23600 | I24: 75.5 | J24: Não | K24: 16 | L24: =IFS(K24<=10,"Baixo",K24<=25, "Médio", K24>25, "Alto") -> Médio | M24: =IF(AND(J24="Sim", L24="Alto"),"Negado","Aceito") -> Aceito | N24: =IF(AND(I24> 50000, J24 = "Sim"),"Negativa", "Positiva") -> Positiva | O24: 88000 | P24: =IF(AND(Q24=1,A24="Ativo"), O24*1.08, 0) -> 0 | Q24: =IF(AND(M24="Negado", N24="Negativa"),0,1) -> 1
A25: Ativo | B25: Loras Greyjoy | C25: 000.000.362-00 | D25: 69 | E25: 21145 | F25: Fosso Cailin | G25: Norte | H25: 29000 | I25: 67500 | J25: Não | K25: 25 | L25: =IFS(K25<=10,"Baixo",K25<=25, "Médio", K25>25, "Alto") -> Médio | M25: =IF(AND(J25="Sim", L25="Alto"),"Negado","Aceito") -> Aceito | N25: =IF(AND(I25> 50000, J25 = "Sim"),"Negativa", "Positiva") -> Positiva | O25: 18000 | P25: =IF(AND(Q25=1,A25="Ativo"), O25*1.08, 0) -> 19440 | Q25: =IF(AND(M25="Negado", N25="Negativa"),0,1) -> 1
A26: Inativo | B26: Jorah Hightower | C26: 000.000.346-00 | D26: 63 | E26: 23140 | F26: Pedra do Dragão | G26: Terras Da Coroa | H26: 0 | I26: 0 | J26: Sim | K26: 1 | L26: =IFS(K26<=10,"Baixo",K26<=25, "Médio", K26>25, "Alto") -> Baixo | M26: =IF(AND(J26="Sim", L26="Alto"),"Negado","Aceito") -> Aceito | N26: =IF(AND(I26> 50000, J26 = "Sim"),"Negativa", "Positiva") -> Positiva | O26: 12000 | P26: =IF(AND(Q26=1,A26="Ativo"), O26*1.08, 0) -> 0 | Q26: =IF(AND(M26="Negado", N26="Negativa"),0,1) -> 1
A27: Ativo | B27: Loras Clegane | C27: 000.000.287-00 | D27: 58 | E27: 24911 | F27: Harrenhal | G27: Terras Fluviais | H27: 25400 | I27: 70500 | J27: Sim | K27: 11 | L27: =IFS(K27<=10,"Baixo",K27<=25, "Médio", K27>25, "Alto") -> Médio | M27: =IF(AND(J27="Sim", L27="Alto"),"Negado","Aceito") -> Aceito | N27: =IF(AND(I27> 50000, J27 = "Sim"),"Negativa", "Positiva") -> Negativa | O27: 47000 | P27: =IF(AND(Q27=1,A27="Ativo"), O27*1.08, 0) -> 50760 | Q27: =IF(AND(M27="Negado", N27="Negativa"),0,1) -> 1
A28: Ativo | B28: Jojen Florent | C28: 34300 | D28: 49 | E28: 28408 | F28: Winterfell | G28: Norte | H28: 13300 | I28: 42000 | J28: Sim | K28: 27 | L28: =IFS(K28<=10,"Baixo",K28<=25, "Médio", K28>25, "Alto") -> Alto | M28: =IF(AND(J28="Sim", L28="Alto"),"Negado","Aceito") -> Negado | N28: =IF(AND(I28> 50000, J28 = "Sim"),"Negativa", "Positiva") -> Positiva | O28: 40000 | P28: =IF(AND(Q28=1,A28="Ativo"), O28*1.08, 0) -> 43200 | Q28: =IF(AND(M28="Negado", N28="Negativa"),0,1) -> 1
A29: Ativo | B29: Samwell Yronwood | C29: 000.000.124-00 | D29: 30 | E29: 35323 | F29: Jardim de Cima | G29: Campina | H29: 21200 | I29: 75000 | J29: Não | K29: 6 | L29: =IFS(K29<=10,"Baixo",K29<=25, "Médio", K29>25, "Alto") -> Baixo | M29: =IF(AND(J29="Sim", L29="Alto"),"Negado","Aceito") -> Aceito | N29: =IF(AND(I29> 50000, J29 = "Sim"),"Negativa", "Positiva") -> Positiva | O29: 63500 | P29: =IF(AND(Q29=1,A29="Ativo"), O29*1.08, 0) -> 68580 | Q29: =IF(AND(M29="Negado", N29="Negativa"),0,1) -> 1
A30: Ativo | B30: Catelyn Yronwood | C30: 000.000.226-00 | D30: 38 | E30: 32166 | F30: Castelo Negro | G30: Norte | H30: 19500 | I30: 39000 | J30: Não | K30: 25 | L30: =IFS(K30<=10,"Baixo",K30<=25, "Médio", K30>25, "Alto") -> Médio | M30: =IF(AND(J30="Sim", L30="Alto"),"Negado","Aceito") -> Aceito | N30: =IF(AND(I30> 50000, J30 = "Sim"),"Negativa", "Positiva") -> Positiva | O30: 88500 | P30: =IF(AND(Q30=1,A30="Ativo"), O30*1.08, 0) -> 95580 | Q30: =IF(AND(M30="Negado", N30="Negativa"),0,1) -> 1
A31: Inativo | B31: Brienne Reed | C31: 000.000.306-00 | D31: 68 | E31: 21293 | F31: Pyke | G31: Ilhas De Ferro | H31: 3800 | I31: 70000 | J31: Sim | K31: 34 | L31: =IFS(K31<=10,"Baixo",K31<=25, "Médio", K31>25, "Alto") -> Alto | M31: =IF(AND(J31="Sim", L31="Alto"),"Negado","Aceito") -> Negado | N31: =IF(AND(I31> 50000, J31 = "Sim"),"Negativa", "Positiva") -> Negativa | O31: 7500 | P31: =IF(AND(Q31=1,A31="Ativo"), O31*1.08, 0) -> 0 | Q31: =IF(AND(M31="Negado", N31="Negativa"),0,1) -> 0
A32: Ativo | B32: Rhaegar Umber | C32: 000.000.247-00 | D32: 19 | E32: 39220 | F32: Vilavelha | G32: Campina | H32: 18000 | I32: 50500 | J32: Sim | K32: 11 | L32: =IFS(K32<=10,"Baixo",K32<=25, "Médio", K32>25, "Alto") -> Médio | M32: =IF(AND(J32="Sim", L32="Alto"),"Negado","Aceito") -> Aceito | N32: =IF(AND(I32> 50000, J32 = "Sim"),"Negativa", "Positiva") -> Negativa | O32: 26000 | P32: =IF(AND(Q32=1,A32="Ativo"), O32*1.08, 0) -> 28080 | Q32: =IF(AND(M32="Negado", N32="Negativa"),0,1) -> 1
A33: Ativo | B33: Roose Manderly | C33: 15400 | D33: 43 | E33: 30642 | F33: Dorne | G33: Dorne | H33: 0 | I33: 19500 | J33: Não | K33: 42 | L33: =IFS(K33<=10,"Baixo",K33<=25, "Médio", K33>25, "Alto") -> Alto | M33: =IF(AND(J33="Sim", L33="Alto"),"Negado","Aceito") -> Aceito | N33: =IF(AND(I33> 50000, J33 = "Sim"),"Negativa", "Positiva") -> Positiva | O33: 89500 | P33: =IF(AND(Q33=1,A33="Ativo"), O33*1.08, 0) -> 96660 | Q33: =IF(AND(M33="Negado", N33="Negativa"),0,1) -> 1
A34: Ativo | B34: Jeor Florent | C34: 000.000.249-00 | D34: 27 | E34: 36319 | F34: Ponta Tempestade | G34: Terras Da Tempestade | H34: 28800 | I34: 78.5 | J34: Não | K34: 2 | L34: =IFS(K34<=10,"Baixo",K34<=25, "Médio", K34>25, "Alto") -> Baixo | M34: =IF(AND(J34="Sim", L34="Alto"),"Negado","Aceito") -> Aceito | N34: =IF(AND(I34> 50000, J34 = "Sim"),"Negativa", "Positiva") -> Positiva | O34: 53000 | P34: =IF(AND(Q34=1,A34="Ativo"), O34*1.08, 0) -> 57240 | Q34: =IF(AND(M34="Negado", N34="Negativa"),0,1) -> 1
A35: Ativo | B35: Bran Yronwood | C35: 000.000.057-00 | D35: 42 | E35: 30878 | F35: Pyke | G35: Ilhas De Ferro | H35: 17500 | I35: 3500 | J35: Não | K35: 25 | L35: =IFS(K35<=10,"Baixo",K35<=25, "Médio", K35>25, "Alto") -> Médio | M35: =IF(AND(J35="Sim", L35="Alto"),"Negado","Aceito") -> Aceito | N35: =IF(AND(I35> 50000, J35 = "Sim"),"Negativa", "Positiva") -> Positiva | O35: 35000 | P35: =IF(AND(Q35=1,A35="Ativo"), O35*1.08, 0) -> 37800 | Q35: =IF(AND(M35="Negado", N35="Negativa"),0,1) -> 1
A36: Ativo | B36: Bronn Arryn | C36: 000.000.016-00 | D36: 44 | E36: 29975 | F36: Lannisporto | G36: Oeste | H36: 5300 | I36: 6000 | J36: Sim | K36: 1 | L36: =IFS(K36<=10,"Baixo",K36<=25, "Médio", K36>25, "Alto") -> Baixo | M36: =IF(AND(J36="Sim", L36="Alto"),"Negado","Aceito") -> Aceito | N36: =IF(AND(I36> 50000, J36 = "Sim"),"Negativa", "Positiva") -> Positiva | O36: 4500 | P36: =IF(AND(Q36=1,A36="Ativo"), O36*1.08, 0) -> 4860 | Q36: =IF(AND(M36="Negado", N36="Negativa"),0,1) -> 1
A37: Ativo | B37: Shae Clegane | C37: 000.000.205-00 | D37: 40 | E37: 31598 | F37: Fosso Cailin | G37: Norte | H37: 9900 | I37: 3500 | J37: Não | K37: 1 | L37: =IFS(K37<=10,"Baixo",K37<=25, "Médio", K37>25, "Alto") -> Baixo | M37: =IF(AND(J37="Sim", L37="Alto"),"Negado","Aceito") -> Aceito | N37: =IF(AND(I37> 50000, J37 = "Sim"),"Negativa", "Positiva") -> Positiva | O37: 23500 | P37: =IF(AND(Q37=1,A37="Ativo"), O37*1.08, 0) -> 25380 | Q37: =IF(AND(M37="Negado", N37="Negativa"),0,1) -> 1
A38: Ativo | B38: Ramsay Hornwood | C38: 000.000.005-00 | D38: 66 | E38: 22236 | F38: Pyke | G38: Ilhas De Ferro | H38: 23400 | I38: 28000 | J38: Não | K38: 34 | L38: =IFS(K38<=10,"Baixo",K38<=25, "Médio", K38>25, "Alto") -> Alto | M38: =IF(AND(J38="Sim", L38="Alto"),"Negado","Aceito") -> Aceito | N38: =IF(AND(I38> 50000, J38 = "Sim"),"Negativa", "Positiva") -> Positiva | O38: 74000 | P38: =IF(AND(Q38=1,A38="Ativo"), O38*1.08, 0) -> 79920 | Q38: =IF(AND(M38="Negado", N38="Negativa"),0,1) -> 1
B39: Meera Payne | C39: 000.000.131-00 | D39: 64 | E39: 22974 | F39: Dorne | G39: Dorne | H39: 14700 | I39: 0 | J39: Sim | K39: 40 | L39: =IFS(K39<=10,"Baixo",K39<=25, "Médio", K39>25, "Alto") -> Alto | M39: =IF(AND(J39="Sim", L39="Alto"),"Negado","Aceito") -> Negado | N39: =IF(AND(I39> 50000, J39 = "Sim"),"Negativa", "Positiva") -> Positiva | O39: 83500 | P39: =IF(AND(Q39=1,A39="Ativo"), O39*1.08, 0) -> 0 | Q39: =IF(AND(M39="Negado", N39="Negativa"),0,1) -> 1
A40: Ativo | B40: Melisandre Baratheon | C40: 000.000.364-00 | D40: 127 | E40: 0 | F40: Meereen | G40: Essos | H40: 14400 | I40: 0 | J40: Não | K40: 27 | L40: =IFS(K40<=10,"Baixo",K40<=25, "Médio", K40>25, "Alto") -> Alto | M40: =IF(AND(J40="Sim", L40="Alto"),"Negado","Aceito") -> Aceito | N40: =IF(AND(I40> 50000, J40 = "Sim"),"Negativa", "Positiva") -> Positiva | O40: 33500 | P40: =IF(AND(Q40=1,A40="Ativo"), O40*1.08, 0) -> 36180 | Q40: =IF(AND(M40="Negado", N40="Negativa"),0,1) -> 1
A41: Inativo | B41: Podrick Targaryen | C41: 000.000.050-00 | D41: 39 | E41: 31879 | F41: Vilavelha | G41: Campina | H41: 29900 | I41: 0 | J41: Não | K41: 39 | L41: =IFS(K41<=10,"Baixo",K41<=25, "Médio", K41>25, "Alto") -> Alto | M41: =IF(AND(J41="Sim", L41="Alto"),"Negado","Aceito") -> Aceito | N41: =IF(AND(I41> 50000, J41 = "Sim"),"Negativa", "Positiva") -> Positiva | O41: 75000 | P41: =IF(AND(Q41=1,A41="Ativo"), O41*1.08, 0) -> 0 | Q41: =IF(AND(M41="Negado", N41="Negativa"),0,1) -> 1
A42: Ativo | B42: Margaery Manderly | C42: 000.000.222-00 | D42: 63 | E42: 23231 | F42: Winterfell | G42: Norte | H42: 16800 | I42: 0 | J42: N/A | K42: 32 | L42: =IFS(K42<=10,"Baixo",K42<=25, "Médio", K42>25, "Alto") -> Alto | M42: =IF(AND(J42="Sim", L42="Alto"),"Negado","Aceito") -> Aceito | N42: =IF(AND(I42> 50000, J42 = "Sim"),"Negativa", "Positiva") -> Positiva | O42: 61500 | P42: =IF(AND(Q42=1,A42="Ativo"), O42*1.08, 0) -> 66420 | Q42: =IF(AND(M42="Negado", N42="Negativa"),0,1) -> 1
A43: Ativo | B43: Daenerys Seaworth | C43: 000.000.341-00 | D43: 55 | E43: 26124 | F43: Vilavelha | G43: Campina | H43: 29700 | I43: 34000 | J43: Não | K43: 35 | L43: =IFS(K43<=10,"Baixo",K43<=25, "Médio", K43>25, "Alto") -> Alto | M43: =IF(AND(J43="Sim", L43="Alto"),"Negado","Aceito") -> Aceito | N43: =IF(AND(I43> 50000, J43 = "Sim"),"Negativa", "Positiva") -> Positiva | O43: 35000 | P43: =IF(AND(Q43=1,A43="Ativo"), O43*1.08, 0) -> 37800 | Q43: =IF(AND(M43="Negado", N43="Negativa"),0,1) -> 1
A44: Ativo | B44: Brienne Manderly | C44: 000.000.140-00 | D44: 29 | E44: 35472 | F44: Fosso Cailin | G44: Norte | H44: 11900 | I44: 65000 | J44: Sim | K44: 29 | L44: =IFS(K44<=10,"Baixo",K44<=25, "Médio", K44>25, "Alto") -> Alto | M44: =IF(AND(J44="Sim", L44="Alto"),"Negado","Aceito") -> Negado | N44: =IF(AND(I44> 50000, J44 = "Sim"),"Negativa", "Positiva") -> Negativa | O44: 12000 | P44: =IF(AND(Q44=1,A44="Ativo"), O44*1.08, 0) -> 0 | Q44: =IF(AND(M44="Negado", N44="Negativa"),0,1) -> 0
A45: Ativo | B45: Jorah Redwyne | C45: 16500 | D45: 37 | E45: 32513 | F45: Monte Chifre | G45: Campina | H45: 2600 | I45: - | J45: Não | K45: 5 | L45: =IFS(K45<=10,"Baixo",K45<=25, "Médio", K45>25, "Alto") -> Baixo | M45: =IF(AND(J45="Sim", L45="Alto"),"Negado","Aceito") -> Aceito | N45: =IF(AND(I45> 50000, J45 = "Sim"),"Negativa", "Positiva") -> Positiva | O45: 16500 | P45: =IF(AND(Q45=1,A45="Ativo"), O45*1.08, 0) -> 17820 | Q45: =IF(AND(M45="Negado", N45="Negativa"),0,1) -> 1
A46: Ativo | B46: Margaery Hornwood | C46: 15100 | D46: 25 | E46: 37125 | F46: Dorne | G46: Dorne | H46: 2500 | I46: 72500 | J46: Não | K46: 32 | L46: =IFS(K46<=10,"Baixo",K46<=25, "Médio", K46>25, "Alto") -> Alto | M46: =IF(AND(J46="Sim", L46="Alto"),"Negado","Aceito") -> Aceito | N46: =IF(AND(I46> 50000, J46 = "Sim"),"Negativa", "Positiva") -> Positiva | O46: 97000 | P46: =IF(AND(Q46=1,A46="Ativo"), O46*1.08, 0) -> 104760 | Q46: =IF(AND(M46="Negado", N46="Negativa"),0,1) -> 1
A47: Inativo | B47: Arya Redwyne | C47: 000.000.333-00 | D47: 22 | E47: 38323 | F47: Correrrio | G47: Terras Fluviais | H47: 3800 | I47: 0 | J47: Não | K47: 25 | L47: =IFS(K47<=10,"Baixo",K47<=25, "Médio", K47>25, "Alto") -> Médio | M47: =IF(AND(J47="Sim", L47="Alto"),"Negado","Aceito") -> Aceito | N47: =IF(AND(I47> 50000, J47 = "Sim"),"Negativa", "Positiva") -> Positiva | O47: 50000 | P47: =IF(AND(Q47=1,A47="Ativo"), O47*1.08, 0) -> 0 | Q47: =IF(AND(M47="Negado", N47="Negativa"),0,1) -> 1
A48: Ativo | B48: Varys Bracken | C48: 000.000.215-00 | D48: 28 | E48: 35830 | F48: Porto Real | G48: Terras Da Coroa | H48: 2000 | I48: 51000 | J48: Não | K48: 12 | L48: =IFS(K48<=10,"Baixo",K48<=25, "Médio", K48>25, "Alto") -> Médio | M48: =IF(AND(J48="Sim", L48="Alto"),"Negado","Aceito") -> Aceito | N48: =IF(AND(I48> 50000, J48 = "Sim"),"Negativa", "Positiva") -> Positiva | O48: 72500 | P48: =IF(AND(Q48=1,A48="Ativo"), O48*1.08, 0) -> 78300 | Q48: =IF(AND(M48="Negado", N48="Negativa"),0,1) -> 1
A49: Inativo | B49: Brienne Royce | C49: 10800 | D49: 40 | E49: 31766 | F49: Vilavelha | G49: Campina | H49: 24700 | I49: 23500 | J49: Não | K49: 43 | L49: =IFS(K49<=10,"Baixo",K49<=25, "Médio", K49>25, "Alto") -> Alto | M49: =IF(AND(J49="Sim", L49="Alto"),"Negado","Aceito") -> Aceito | N49: =IF(AND(I49> 50000, J49 = "Sim"),"Negativa", "Positiva") -> Positiva | O49: 57000 | P49: =IF(AND(Q49=1,A49="Ativo"), O49*1.08, 0) -> 0 | Q49: =IF(AND(M49="Negado", N49="Negativa"),0,1) -> 1
A50: Ativo | B50: Rickon Redwyne | C50: 15000 | D50: 73 | E50: 19588 | F50: Fosso Cailin | G50: Norte | H50: 28600 | I50: 40500 | J50: Não | K50: 20 | L50: =IFS(K50<=10,"Baixo",K50<=25, "Médio", K50>25, "Alto") -> Médio | M50: =IF(AND(J50="Sim", L50="Alto"),"Negado","Aceito") -> Aceito | N50: =IF(AND(I50> 50000, J50 = "Sim"),"Negativa", "Positiva") -> Positiva | O50: 2500 | P50: =IF(AND(Q50=1,A50="Ativo"), O50*1.08, 0) -> 2700 | Q50: =IF(AND(M50="Negado", N50="Negativa"),0,1) -> 1
A51: Ativo | B51: Tormund Karstark | C51: 000.000.284-00 | D51: 43 | E51: 30662 | F51: Castelo Negro | G51: Norte | H51: 20400 | I51: 0 | J51: Não | K51: 0 | L51: =IFS(K51<=10,"Baixo",K51<=25, "Médio", K51>25, "Alto") -> Baixo | M51: =IF(AND(J51="Sim", L51="Alto"),"Negado","Aceito") -> Aceito | N51: =IF(AND(I51> 50000, J51 = "Sim"),"Negativa", "Positiva") -> Positiva | O51: 81000 | P51: =IF(AND(Q51=1,A51="Ativo"), O51*1.08, 0) -> 87480 | Q51: =IF(AND(M51="Negado", N51="Negativa"),0,1) -> 1
A52: Ativo | B52: Bran Dayne | C52: 000.000.288-00 | D52: 49 | E52: 28136 | F52: Pyke | G52: Ilhas De Ferro | H52: 4500 | I52: 0 | J52: Não | K52: 3 | L52: =IFS(K52<=10,"Baixo",K52<=25, "Médio", K52>25, "Alto") -> Baixo | M52: =IF(AND(J52="Sim", L52="Alto"),"Negado","Aceito") -> Aceito | N52: =IF(AND(I52> 50000, J52 = "Sim"),"Negativa", "Positiva") -> Positiva | O52: 48500 | P52: =IF(AND(Q52=1,A52="Ativo"), O52*1.08, 0) -> 52380 | Q52: =IF(AND(M52="Negado", N52="Negativa"),0,1) -> 1
A53: Ativo | B53: Jorah Dondarrion | C53: 000.000.294-00 | D53: 40 | E53: 31634 | F53: Lannisporto | G53: Oeste | H53: 22200 | I53: 0 | J53: Sim | K53: 3 | L53: =IFS(K53<=10,"Baixo",K53<=25, "Médio", K53>25, "Alto") -> Baixo | M53: =IF(AND(J53="Sim", L53="Alto"),"Negado","Aceito") -> Aceito | N53: =IF(AND(I53> 50000, J53 = "Sim"),"Negativa", "Positiva") -> Positiva | O53: 7000 | P53: =IF(AND(Q53=1,A53="Ativo"), O53*1.08, 0) -> 7560 | Q53: =IF(AND(M53="Negado", N53="Negativa"),0,1) -> 1
A54: Inativo | B54: Aegon Frey | C54: 000.000.338-00 | D54: 57 | E54: 25525 | F54: Dorne | G54: Dorne | H54: 11100 | I54: 63000 | J54: Não | K54: 0 | L54: =IFS(K54<=10,"Baixo",K54<=25, "Médio", K54>25, "Alto") -> Baixo | M54: =IF(AND(J54="Sim", L54="Alto"),"Negado","Aceito") -> Aceito | N54: =IF(AND(I54> 50000, J54 = "Sim"),"Negativa", "Positiva") -> Positiva | O54: 56000 | P54: =IF(AND(Q54=1,A54="Ativo"), O54*1.08, 0) -> 0 | Q54: =IF(AND(M54="Negado", N54="Negativa"),0,1) -> 1
A55: Inativo | B55: Daenerys Snow | C55: 14200 | D55: 48 | E55: 28770 | F55: Dorne Dorne | G55: Dorne | H55: 15800 | I55: - | J55: Não | K55: 12 | L55: =IFS(K55<=10,"Baixo",K55<=25, "Médio", K55>25, "Alto") -> Médio | M55: =IF(AND(J55="Sim", L55="Alto"),"Negado","Aceito") -> Aceito | N55: =IF(AND(I55> 50000, J55 = "Sim"),"Negativa", "Positiva") -> Positiva | O55: 69500 | P55: =IF(AND(Q55=1,A55="Ativo"), O55*1.08, 0) -> 0 | Q55: =IF(AND(M55="Negado", N55="Negativa"),0,1) -> 1
A56: Inativo | B56: Asha Baratheon | C56: 000.000.195-00 | D56: 70 | E56: 20570 | F56: Braavos | G56: Essos | H56: 16300 | I56: 16500 | J56: Não | K56: 25 | L56: =IFS(K56<=10,"Baixo",K56<=25, "Médio", K56>25, "Alto") -> Médio | M56: =IF(AND(J56="Sim", L56="Alto"),"Negado","Aceito") -> Aceito | N56: =IF(AND(I56> 50000, J56 = "Sim"),"Negativa", "Positiva") -> Positiva | O56: 65500 | P56: =IF(AND(Q56=1,A56="Ativo"), O56*1.08, 0) -> 0 | Q56: =IF(AND(M56="Negado", N56="Negativa"),0,1) -> 1
A57: Ativo | B57: Rickon Crakehall | C57: 000.000.066-00 | D57: 24 | E57: 37435 | F57: Atalaia da Água Cinzenta | G57: Gargalo | H57: 6100 | I57: - | J57: Não | K57: 15 | L57: =IFS(K57<=10,"Baixo",K57<=25, "Médio", K57>25, "Alto") -> Médio | M57: =IF(AND(J57="Sim", L57="Alto"),"Negado","Aceito") -> Aceito | N57: =IF(AND(I57> 50000, J57 = "Sim"),"Negativa", "Positiva") -> Positiva | O57: 67000 | P57: =IF(AND(Q57=1,A57="Ativo"), O57*1.08, 0) -> 72360 | Q57: =IF(AND(M57="Negado", N57="Negativa"),0,1) -> 1
A58: Ativo | B58: Eddard Mallister | C58: 000.000.309-00 | D58: 48 | E58: 28802 | F58: Atalaia da Água Cinzenta | G58: Gargalo | H58: 22700 | I58: 8500 | J58: N/A | K58: 35 | L58: =IFS(K58<=10,"Baixo",K58<=25, "Médio", K58>25, "Alto") -> Alto | M58: =IF(AND(J58="Sim", L58="Alto"),"Negado","Aceito") -> Aceito | N58: =IF(AND(I58> 50000, J58 = "Sim"),"Negativa", "Positiva") -> Positiva | O58: 23500 | P58: =IF(AND(Q58=1,A58="Ativo"), O58*1.08, 0) -> 25380 | Q58: =IF(AND(M58="Negado", N58="Negativa"),0,1) -> 1
A59: Ativo | B59: Daario Clegane | C59: 000.000.270-00 | D59: 34 | E59: 33704 | F59: Castelo Negro | G59: Norte | H59: 29700 | I59: 22000 | J59: Não | K59: 38 | L59: =IFS(K59<=10,"Baixo",K59<=25, "Médio", K59>25, "Alto") -> Alto | M59: =IF(AND(J59="Sim", L59="Alto"),"Negado","Aceito") -> Aceito | N59: =IF(AND(I59> 50000, J59 = "Sim"),"Negativa", "Positiva") -> Positiva | O59: 81000 | P59: =IF(AND(Q59=1,A59="Ativo"), O59*1.08, 0) -> 87480 | Q59: =IF(AND(M59="Negado", N59="Negativa"),0,1) -> 1
A60: Inativo | B60: Ellaria Mallister | C60: 000.000.194-00 | D60: 39 | E60: 32102 | F60: Pyke | G60: Ilhas De Ferro | H60: 13500 | I60: 24000 | J60: Não | K60: 2 | L60: =IFS(K60<=10,"Baixo",K60<=25, "Médio", K60>25, "Alto") -> Baixo | M60: =IF(AND(J60="Sim", L60="Alto"),"Negado","Aceito") -> Aceito | N60: =IF(AND(I60> 50000, J60 = "Sim"),"Negativa", "Positiva") -> Positiva | O60: 17500 | P60: =IF(AND(Q60=1,A60="Ativo"), O60*1.08, 0) -> 0 | Q60: =IF(AND(M60="Negado", N60="Negativa"),0,1) -> 1
A61: Ativo | B61: Stannis Cerwyn | C61: 3400 | D61: 36 | E61: 33204 | F61: Winterfell | G61: Norte | H61: 17600 | I61: 44000 | J61: Não | K61: 22 | L61: =IFS(K61<=10,"Baixo",K61<=25, "Médio", K61>25, "Alto") -> Médio | M61: =IF(AND(J61="Sim", L61="Alto"),"Negado","Aceito") -> Aceito | N61: =IF(AND(I61> 50000, J61 = "Sim"),"Negativa", "Positiva") -> Positiva | O61: 56500 | P61: =IF(AND(Q61=1,A61="Ativo"), O61*1.08, 0) -> 61020 | Q61: =IF(AND(M61="Negado", N61="Negativa"),0,1) -> 1
A62: Inativo | B62: Ellaria Tarly | C62: 000.000.026-00 | D62: 68 | E62: 21512 | F62: Braavos | G62: Essos | H62: 3200 | I62: 6500 | J62: Não | K62: 20 | L62: =IFS(K62<=10,"Baixo",K62<=25, "Médio", K62>25, "Alto") -> Médio | M62: =IF(AND(J62="Sim", L62="Alto"),"Negado","Aceito") -> Aceito | N62: =IF(AND(I62> 50000, J62 = "Sim"),"Negativa", "Positiva") -> Positiva | O62: 52500 | P62: =IF(AND(Q62=1,A62="Ativo"), O62*1.08, 0) -> 0 | Q62: =IF(AND(M62="Negado", N62="Negativa"),0,1) -> 1
A63: Ativo | B63: Daario Tyrell | C63: 000.000.251-00 | D63: 52 | E63: 27377 | F63: Pyke | G63: Ilhas De Ferro | H63: 16300 | I63: - | J63: Não | K63: 8 | L63: =IFS(K63<=10,"Baixo",K63<=25, "Médio", K63>25, "Alto") -> Baixo | M63: =IF(AND(J63="Sim", L63="Alto"),"Negado","Aceito") -> Aceito | N63: =IF(AND(I63> 50000, J63 = "Sim"),"Negativa", "Positiva") -> Positiva | O63: 33000 | P63: =IF(AND(Q63=1,A63="Ativo"), O63*1.08, 0) -> 35640 | Q63: =IF(AND(M63="Negado", N63="Negativa"),0,1) -> 1
A64: Inativo | B64: Daario Marbrand | C64: 000.000.014-00 | D64: 47 | E64: 29113 | F64: Fosso Cailin | G64: Norte | H64: 15000 | I64: 32500 | J64: Não | K64: 40 | L64: =IFS(K64<=10,"Baixo",K64<=25, "Médio", K64>25, "Alto") -> Alto | M64: =IF(AND(J64="Sim", L64="Alto"),"Negado","Aceito") -> Aceito | N64: =IF(AND(I64> 50000, J64 = "Sim"),"Negativa", "Positiva") -> Positiva | O64: 4500 | P64: =IF(AND(Q64=1,A64="Ativo"), O64*1.08, 0) -> 0 | Q64: =IF(AND(M64="Negado", N64="Negativa"),0,1) -> 1
A65: Ativo | B65: Thoros Tarth | C65: 23900 | D65: 40 | E65: 31740 | F65: Pyke | G65: Ilhas De Ferro | H65: 13200 | I65: - | J65: Não | K65: 38 | L65: =IFS(K65<=10,"Baixo",K65<=25, "Médio", K65>25, "Alto") -> Alto | M65: =IF(AND(J65="Sim", L65="Alto"),"Negado","Aceito") -> Aceito | N65: =IF(AND(I65> 50000, J65 = "Sim"),"Negativa", "Positiva") -> Positiva | O65: 36000 | P65: =IF(AND(Q65=1,A65="Ativo"), O65*1.08, 0) -> 38880 | Q65: =IF(AND(M65="Negado", N65="Negativa"),0,1) -> 1
A66: Ativo | B66: Arya Marbrand | C66: 000.000.133-00 | D66: 25 | E66: 37172 | F66: Ninho da Águia | G66: Vale | H66: 21600 | I66: 25000 | J66: Não | K66: 33 | L66: =IFS(K66<=10,"Baixo",K66<=25, "Médio", K66>25, "Alto") -> Alto | M66: =IF(AND(J66="Sim", L66="Alto"),"Negado","Aceito") -> Aceito | N66: =IF(AND(I66> 50000, J66 = "Sim"),"Negativa", "Positiva") -> Positiva | O66: 17500 | P66: =IF(AND(Q66=1,A66="Ativo"), O66*1.08, 0) -> 18900 | Q66: =IF(AND(M66="Negado", N66="Negativa"),0,1) -> 1
A67: Ativo | B67: Davos Tyrell | C67: 16100 | D67: 127 | E67: 0 | F67: Lannisporto | G67: Oeste | H67: 0 | I67: - | J67: Sim | K67: 28 | L67: =IFS(K67<=10,"Baixo",K67<=25, "Médio", K67>25, "Alto") -> Alto | M67: =IF(AND(J67="Sim", L67="Alto"),"Negado","Aceito") -> Negado | N67: =IF(AND(I67> 50000, J67 = "Sim"),"Negativa", "Positiva") -> Negativa | O67: 13000 | P67: =IF(AND(Q67=1,A67="Ativo"), O67*1.08, 0) -> 0 | Q67: =IF(AND(M67="Negado", N67="Negativa"),0,1) -> 0
A68: Ativo | B68: Lyanna Florent | C68: 6300 | D68: 127 | E68: 0 | F68: Pedra do Dragão | G68: Terras Da Coroa | H68: 19900 | I68: 35000 | J68: Não | K68: 25 | L68: =IFS(K68<=10,"Baixo",K68<=25, "Médio", K68>25, "Alto") -> Médio | M68: =IF(AND(J68="Sim", L68="Alto"),"Negado","Aceito") -> Aceito | N68: =IF(AND(I68> 50000, J68 = "Sim"),"Negativa", "Positiva") -> Positiva | O68: 59500 | P68: =IF(AND(Q68=1,A68="Ativo"), O68*1.08, 0) -> 64260 | Q68: =IF(AND(M68="Negado", N68="Negativa"),0,1) -> 1
A69: Inativo | B69: Varys Bolton | C69: 27200 | D69: 56 | E69: 25710 | F69: Fosso Cailin | G69: Norte | H69: 14100 | I69: 1500 | J69: Não | K69: 26 | L69: =IFS(K69<=10,"Baixo",K69<=25, "Médio", K69>25, "Alto") -> Alto | M69: =IF(AND(J69="Sim", L69="Alto"),"Negado","Aceito") -> Aceito | N69: =IF(AND(I69> 50000, J69 = "Sim"),"Negativa", "Positiva") -> Positiva | O69: 36000 | P69: =IF(AND(Q69=1,A69="Ativo"), O69*1.08, 0) -> 0 | Q69: =IF(AND(M69="Negado", N69="Negativa"),0,1) -> 1
A70: Ativo | B70: Shae Seaworth | C70: 000.000.030-00 | D70: 33 | E70: 34027 | F70: Braavos | G70: Essos | H70: 3400 | I70: 0 | J70: Não | K70: 13 | L70: =IFS(K70<=10,"Baixo",K70<=25, "Médio", K70>25, "Alto") -> Médio | M70: =IF(AND(J70="Sim", L70="Alto"),"Negado","Aceito") -> Aceito | N70: =IF(AND(I70> 50000, J70 = "Sim"),"Negativa", "Positiva") -> Positiva | O70: 70000 | P70: =IF(AND(Q70=1,A70="Ativo"), O70*1.08, 0) -> 75600 | Q70: =IF(AND(M70="Negado", N70="Negativa"),0,1) -> 1
A71: Ativo | B71: Jojen Reed | C71: 000.000.136-00 | D71: 42 | E71: 30944 | F71: Ponta Tempestade | G71: Terras Da Tempestade | H71: 20000 | I71: 20.5 | J71: Sim | K71: 8 | L71: =IFS(K71<=10,"Baixo",K71<=25, "Médio", K71>25, "Alto") -> Baixo | M71: =IF(AND(J71="Sim", L71="Alto"),"Negado","Aceito") -> Aceito | N71: =IF(AND(I71> 50000, J71 = "Sim"),"Negativa", "Positiva") -> Positiva | O71: 44000 | P71: =IF(AND(Q71=1,A71="Ativo"), O71*1.08, 0) -> 47520 | Q71: =IF(AND(M71="Negado", N71="Negativa"),0,1) -> 1
A72: Ativo | B72: Podrick Blackwood | C72: 000.000.135-00 | D72: 32 | E72: 34411 | F72: Dorne | G72: Dorne | H72: 0 | I72: 0 | J72: Não | K72: 20 | L72: =IFS(K72<=10,"Baixo",K72<=25, "Médio", K72>25, "Alto") -> Médio | M72: =IF(AND(J72="Sim", L72="Alto"),"Negado","Aceito") -> Aceito | N72: =IF(AND(I72> 50000, J72 = "Sim"),"Negativa", "Positiva") -> Positiva | O72: 42000 | P72: =IF(AND(Q72=1,A72="Ativo"), O72*1.08, 0) -> 45360 | Q72: =IF(AND(M72="Negado", N72="Negativa"),0,1) -> 1
A73: Ativo | B73: Renly Mallister | C73: 000.000.372-00 | D73: 35 | E73: 33525 | F73: Winterfell | G73: Norte | H73: 28000 | I73: 36500 | J73: Não | K73: 33 | L73: =IFS(K73<=10,"Baixo",K73<=25, "Médio", K73>25, "Alto") -> Alto | M73: =IF(AND(J73="Sim", L73="Alto"),"Negado","Aceito") -> Aceito | N73: =IF(AND(I73> 50000, J73 = "Sim"),"Negativa", "Positiva") -> Positiva | O73: 60000 | P73: =IF(AND(Q73=1,A73="Ativo"), O73*1.08, 0) -> 64800 | Q73: =IF(AND(M73="Negado", N73="Negativa"),0,1) -> 1
A74: Ativo | B74: Cersei Clegane | C74: 000.000.323-00 | D74: 24 | E74: 37259 | F74: Dorne | G74: Dorne | H74: 25200 | I74: 0 | J74: Não | K74: 10 | L74: =IFS(K74<=10,"Baixo",K74<=25, "Médio", K74>25, "Alto") -> Baixo | M74: =IF(AND(J74="Sim", L74="Alto"),"Negado","Aceito") -> Aceito | N74: =IF(AND(I74> 50000, J74 = "Sim"),"Negativa", "Positiva") -> Positiva | O74: 69500 | P74: =IF(AND(Q74=1,A74="Ativo"), O74*1.08, 0) -> 75060 | Q74: =IF(AND(M74="Negado", N74="Negativa"),0,1) -> 1
A75: Ativo | B75: Beric Crakehall | C75: 000.000.067-00 | D75: 55 | E75: 26104 | F75: Pyke | G75: Ilhas De Ferro | H75: 22100 | I75: 41500 | J75: Não | K75: 18 | L75: =IFS(K75<=10,"Baixo",K75<=25, "Médio", K75>25, "Alto") -> Médio | M75: =IF(AND(J75="Sim", L75="Alto"),"Negado","Aceito") -> Aceito | N75: =IF(AND(I75> 50000, J75 = "Sim"),"Negativa", "Positiva") -> Positiva | O75: 65000 | P75: =IF(AND(Q75=1,A75="Ativo"), O75*1.08, 0) -> 70200 | Q75: =IF(AND(M75="Negado", N75="Negativa"),0,1) -> 1
A76: Ativo | B76: Ellaria Bracken | C76: 000.000.138-00 | D76: 59 | E76: 24512 | F76: Monte Chifre | G76: Campina | H76: 6300 | I76: 15000 | J76: Não | K76: 42 | L76: =IFS(K76<=10,"Baixo",K76<=25, "Médio", K76>25, "Alto") -> Alto | M76: =IF(AND(J76="Sim", L76="Alto"),"Negado","Aceito") -> Aceito | N76: =IF(AND(I76> 50000, J76 = "Sim"),"Negativa", "Positiva") -> Positiva | O76: 8500 | P76: =IF(AND(Q76=1,A76="Ativo"), O76*1.08, 0) -> 9180 | Q76: =IF(AND(M76="Negado", N76="Negativa"),0,1) -> 1
B77: Ellaria Reed | C77: 000.000.311-00 | D77: 70 | E77: 20502 | F77: Lannisporto | G77: Oeste | H77: 2500 | I77: 0 | J77: Não | K77: 38 | L77: =IFS(K77<=10,"Baixo",K77<=25, "Médio", K77>25, "Alto") -> Alto | M77: =IF(AND(J77="Sim", L77="Alto"),"Negado","Aceito") -> Aceito | N77: =IF(AND(I77> 50000, J77 = "Sim"),"Negativa", "Positiva") -> Positiva | O77: 44500 | P77: =IF(AND(Q77=1,A77="Ativo"), O77*1.08, 0) -> 0 | Q77: =IF(AND(M77="Negado", N77="Negativa"),0,1) -> 1
A78: Ativo | B78: Daenerys Tallhart | C78: 000.000.092-00 | D78: 37 | E78: 32543 | F78: Vilavelha | G78: Campina | H78: 29200 | I78: 45000 | J78: Não | K78: 26 | L78: =IFS(K78<=10,"Baixo",K78<=25, "Médio", K78>25, "Alto") -> Alto | M78: =IF(AND(J78="Sim", L78="Alto"),"Negado","Aceito") -> Aceito | N78: =IF(AND(I78> 50000, J78 = "Sim"),"Negativa", "Positiva") -> Positiva | O78: 23500 | P78: =IF(AND(Q78=1,A78="Ativo"), O78*1.08, 0) -> 25380 | Q78: =IF(AND(M78="Negado", N78="Negativa"),0,1) -> 1
A79: Inativo | B79: Lyanna Marbrand | C79: 000.000.283-00 | D79: 27 | E79: 36308 | F79: Correrrio | G79: Terras Fluviais | H79: 5300 | I79: 22000 | J79: Não | K79: 11 | L79: =IFS(K79<=10,"Baixo",K79<=25, "Médio", K79>25, "Alto") -> Médio | M79: =IF(AND(J79="Sim", L79="Alto"),"Negado","Aceito") -> Aceito | N79: =IF(AND(I79> 50000, J79 = "Sim"),"Negativa", "Positiva") -> Positiva | O79: 28500 | P79: =IF(AND(Q79=1,A79="Ativo"), O79*1.08, 0) -> 0 | Q79: =IF(AND(M79="Negado", N79="Negativa"),0,1) -> 1
A80: Ativo | B80: Ramsay Dondarrion | C80: 000.000.054-00 | D80: 56 | E80: 25874 | F80: Dorne | G80: Dorne | H80: 29100 | I80: 5500 | J80: Não | K80: 11 | L80: =IFS(K80<=10,"Baixo",K80<=25, "Médio", K80>25, "Alto") -> Médio | M80: =IF(AND(J80="Sim", L80="Alto"),"Negado","Aceito") -> Aceito | N80: =IF(AND(I80> 50000, J80 = "Sim"),"Negativa", "Positiva") -> Positiva | O80: 56000 | P80: =IF(AND(Q80=1,A80="Ativo"), O80*1.08, 0) -> 60480 | Q80: =IF(AND(M80="Negado", N80="Negativa"),0,1) -> 1
A81: Ativo | B81: Thoros Baelish | C81: 000.000.011-00 | D81: 53 | E81: 26812 | F81: Meereen | G81: Essos | H81: 27800 | I81: 52000 | J81: Não | K81: 43 | L81: =IFS(K81<=10,"Baixo",K81<=25, "Médio", K81>25, "Alto") -> Alto | M81: =IF(AND(J81="Sim", L81="Alto"),"Negado","Aceito") -> Aceito | N81: =IF(AND(I81> 50000, J81 = "Sim"),"Negativa", "Positiva") -> Positiva | O81: 93500 | P81: =IF(AND(Q81=1,A81="Ativo"), O81*1.08, 0) -> 100980 | Q81: =IF(AND(M81="Negado", N81="Negativa"),0,1) -> 1
A82: Ativo | B82: Melisandre Blackwood | C82: 000.000.051-00 | D82: 40 | E82: 31647 | F82: Fosso Cailin | G82: Norte | H82: 18700 | I82: 15000 | J82: N/A | K82: 26 | L82: =IFS(K82<=10,"Baixo",K82<=25, "Médio", K82>25, "Alto") -> Alto | M82: =IF(AND(J82="Sim", L82="Alto"),"Negado","Aceito") -> Aceito | N82: =IF(AND(I82> 50000, J82 = "Sim"),"Negativa", "Positiva") -> Positiva | O82: 89500 | P82: =IF(AND(Q82=1,A82="Ativo"), O82*1.08, 0) -> 96660 | Q82: =IF(AND(M82="Negado", N82="Negativa"),0,1) -> 1
A83: Ativo | B83: Yara Baelish | C83: 34400 | D83: 64 | E83: 22836 | F83: Solar do Entardecer | G83: Terras Da Tempestade | H83: 24300 | I83: 16.5 | J83: Sim | K83: 24 | L83: =IFS(K83<=10,"Baixo",K83<=25, "Médio", K83>25, "Alto") -> Médio | M83: =IF(AND(J83="Sim", L83="Alto"),"Negado","Aceito") -> Aceito | N83: =IF(AND(I83> 50000, J83 = "Sim"),"Negativa", "Positiva") -> Positiva | O83: 57000 | P83: =IF(AND(Q83=1,A83="Ativo"), O83*1.08, 0) -> 61560 | Q83: =IF(AND(M83="Negado", N83="Negativa"),0,1) -> 1
A84: Ativo | B84: Cersei Stark | C84: 000.000.293-00 | D84: 25 | E84: 37091 | F84: Ninho da Águia | G84: Vale | H84: 28800 | I84: - | J84: Não | K84: 12 | L84: =IFS(K84<=10,"Baixo",K84<=25, "Médio", K84>25, "Alto") -> Médio | M84: =IF(AND(J84="Sim", L84="Alto"),"Negado","Aceito") -> Aceito | N84: =IF(AND(I84> 50000, J84 = "Sim"),"Negativa", "Positiva") -> Positiva | O84: 46500 | P84: =IF(AND(Q84=1,A84="Ativo"), O84*1.08, 0) -> 50220 | Q84: =IF(AND(M84="Negado", N84="Negativa"),0,1) -> 1
A85: Inativo | B85: Jon Karstark | C85: 000.000.139-00 | D85: 55 | E85: 26161 | F85: Jardim de Cima | G85: Campina | H85: 12200 | I85: 70500 | J85: Não | K85: 33 | L85: =IFS(K85<=10,"Baixo",K85<=25, "Médio", K85>25, "Alto") -> Alto | M85: =IF(AND(J85="Sim", L85="Alto"),"Negado","Aceito") -> Aceito | N85: =IF(AND(I85> 50000, J85 = "Sim"),"Negativa", "Positiva") -> Positiva | O85: 78000 | P85: =IF(AND(Q85=1,A85="Ativo"), O85*1.08, 0) -> 0 | Q85: =IF(AND(M85="Negado", N85="Negativa"),0,1) -> 1
A86: Ativo | B86: Yara Royce | C86: 32000 | D86: 69 | E86: 21162 | F86: Castelo Negro | G86: Norte | H86: 11500 | I86: 17500 | J86: Não | K86: 19 | L86: =IFS(K86<=10,"Baixo",K86<=25, "Médio", K86>25, "Alto") -> Médio | M86: =IF(AND(J86="Sim", L86="Alto"),"Negado","Aceito") -> Aceito | N86: =IF(AND(I86> 50000, J86 = "Sim"),"Negativa", "Positiva") -> Positiva | O86: 26000 | P86: =IF(AND(Q86=1,A86="Ativo"), O86*1.08, 0) -> 28080 | Q86: =IF(AND(M86="Negado", N86="Negativa"),0,1) -> 1
A87: Inativo | B87: Jeor Lannister | C87: 000.000.091-00 | D87: 38 | E87: 32412 | F87: Fosso Cailin | G87: Norte | H87: 24700 | I87: 23000 | J87: Sim | K87: 10 | L87: =IFS(K87<=10,"Baixo",K87<=25, "Médio", K87>25, "Alto") -> Baixo | M87: =IF(AND(J87="Sim", L87="Alto"),"Negado","Aceito") -> Aceito | N87: =IF(AND(I87> 50000, J87 = "Sim"),"Negativa", "Positiva") -> Positiva | O87: 37500 | P87: =IF(AND(Q87=1,A87="Ativo"), O87*1.08, 0) -> 0 | Q87: =IF(AND(M87="Negado", N87="Negativa"),0,1) -> 1
A88: Ativo | B88: Bran Florent | C88: 000.000.218-00 | D88: 62 | E88: 23488 | F88: Ninho da Águia | G88: Vale | H88: 0 | I88: - | J88: Não | K88: 38 | L88: =IFS(K88<=10,"Baixo",K88<=25, "Médio", K88>25, "Alto") -> Alto | M88: =IF(AND(J88="Sim", L88="Alto"),"Negado","Aceito") -> Aceito | N88: =IF(AND(I88> 50000, J88 = "Sim"),"Negativa", "Positiva") -> Positiva | O88: 72000 | P88: =IF(AND(Q88=1,A88="Ativo"), O88*1.08, 0) -> 77760 | Q88: =IF(AND(M88="Negado", N88="Negativa"),0,1) -> 1
A89: Ativo | B89: Jojen Redwyne | C89: 000.000.334-00 | D89: 24 | E89: 37491 | F89: Dorne | G89: Dorne | H89: 8900 | I89: 19500 | J89: Sim | K89: 33 | L89: =IFS(K89<=10,"Baixo",K89<=25, "Médio", K89>25, "Alto") -> Alto | M89: =IF(AND(J89="Sim", L89="Alto"),"Negado","Aceito") -> Negado | N89: =IF(AND(I89> 50000, J89 = "Sim"),"Negativa", "Positiva") -> Positiva | O89: 96500 | P89: =IF(AND(Q89=1,A89="Ativo"), O89*1.08, 0) -> 104220 | Q89: =IF(AND(M89="Negado", N89="Negativa"),0,1) -> 1
A90: Ativo | B90: Bronn Mallister | C90: 000.000.200-00 | D90: 127 | E90: 0 | F90: Vilavelha | G90: Campina | H90: 28000 | I90: 76500 | J90: Não | K90: 39 | L90: =IFS(K90<=10,"Baixo",K90<=25, "Médio", K90>25, "Alto") -> Alto | M90: =IF(AND(J90="Sim", L90="Alto"),"Negado","Aceito") -> Aceito | N90: =IF(AND(I90> 50000, J90 = "Sim"),"Negativa", "Positiva") -> Positiva | O90: 32000 | P90: =IF(AND(Q90=1,A90="Ativo"), O90*1.08, 0) -> 34560 | Q90: =IF(AND(M90="Negado", N90="Negativa"),0,1) -> 1
A91: Ativo | B91: Olenna Reed | C91: 000.000.248-00 | D91: 41 | E91: 31408 | F91: Braavos | G91: Essos | H91: 17400 | I91: 53 | J91: Sim | K91: 20 | L91: =IFS(K91<=10,"Baixo",K91<=25, "Médio", K91>25, "Alto") -> Médio | M91: =IF(AND(J91="Sim", L91="Alto"),"Negado","Aceito") -> Aceito | N91: =IF(AND(I91> 50000, J91 = "Sim"),"Negativa", "Positiva") -> Positiva | O91: 52500 | P91: =IF(AND(Q91=1,A91="Ativo"), O91*1.08, 0) -> 56700 | Q91: =IF(AND(M91="Negado", N91="Negativa"),0,1) -> 1
A92: Inativo | B92: Jon Hightower | C92: 000.000.081-00 | D92: 60 | E92: 24362 | F92: Winterfell | G92: Norte | H92: 18900 | I92: 1000 | J92: Sim | K92: 42 | L92: =IFS(K92<=10,"Baixo",K92<=25, "Médio", K92>25, "Alto") -> Alto | M92: =IF(AND(J92="Sim", L92="Alto"),"Negado","Aceito") -> Negado | N92: =IF(AND(I92> 50000, J92 = "Sim"),"Negativa", "Positiva") -> Positiva | O92: 16500 | P92: =IF(AND(Q92=1,A92="Ativo"), O92*1.08, 0) -> 0 | Q92: =IF(AND(M92="Negado", N92="Negativa"),0,1) -> 1
A93: Inativo | B93: Renly Dayne | C93: 000.000.065-00 | D93: 73 | E93: 19672 | F93: Dorne | G93: Dorne | H93: 21000 | I93: 0 | J93: Não | K93: 11 | L93: =IFS(K93<=10,"Baixo",K93<=25, "Médio", K93>25, "Alto") -> Médio | M93: =IF(AND(J93="Sim", L93="Alto"),"Negado","Aceito") -> Aceito | N93: =IF(AND(I93> 50000, J93 = "Sim"),"Negativa", "Positiva") -> Positiva | O93: 75500 | P93: =IF(AND(Q93=1,A93="Ativo"), O93*1.08, 0) -> 0 | Q93: =IF(AND(M93="Negado", N93="Negativa"),0,1) -> 1
A94: Inativo | B94: Missandei Karstark | C94: 000.000.044-00 | D94: 43 | E94: 30666 | F94: Pedra do Dragão | G94: Terras Da Coroa | H94: 6000 | I94: 55000 | J94: Não | K94: 5 | L94: =IFS(K94<=10,"Baixo",K94<=25, "Médio", K94>25, "Alto") -> Baixo | M94: =IF(AND(J94="Sim", L94="Alto"),"Negado","Aceito") -> Aceito | N94: =IF(AND(I94> 50000, J94 = "Sim"),"Negativa", "Positiva") -> Positiva | O94: 10000 | P94: =IF(AND(Q94=1,A94="Ativo"), O94*1.08, 0) -> 0 | Q94: =IF(AND(M94="Negado", N94="Negativa"),0,1) -> 1
A95: Ativo | B95: Catelyn Cerwyn | C95: 000.000.308-00 | D95: 61 | E95: 23905 | F95: Atalaia da Água Cinzenta | G95: Gargalo | H95: 13800 | I95: 45500 | J95: Não | K95: 30 | L95: =IFS(K95<=10,"Baixo",K95<=25, "Médio", K95>25, "Alto") -> Alto | M95: =IF(AND(J95="Sim", L95="Alto"),"Negado","Aceito") -> Aceito | N95: =IF(AND(I95> 50000, J95 = "Sim"),"Negativa", "Positiva") -> Positiva | O95: 17500 | P95: =IF(AND(Q95=1,A95="Ativo"), O95*1.08, 0) -> 18900 | Q95: =IF(AND(M95="Negado", N95="Negativa"),0,1) -> 1
A96: Ativo | B96: Margaery Dayne | C96: 000.000.276-00 | D96: 37 | E96: 32791 | F96: Jardim de Cima | G96: Campina | H96: 23900 | I96: 58000 | J96: Não | K96: 27 | L96: =IFS(K96<=10,"Baixo",K96<=25, "Médio", K96>25, "Alto") -> Alto | M96: =IF(AND(J96="Sim", L96="Alto"),"Negado","Aceito") -> Aceito | N96: =IF(AND(I96> 50000, J96 = "Sim"),"Negativa", "Positiva") -> Positiva | O96: 38000 | P96: =IF(AND(Q96=1,A96="Ativo"), O96*1.08, 0) -> 41040 | Q96: =IF(AND(M96="Negado", N96="Negativa"),0,1) -> 1
A97: Ativo | B97: Rickon Karstark | C97: 000.000.088-00 | D97: 74 | E97: 19121 | F97: Castelo Negro | G97: Norte | H97: 7300 | I97: 1000 | J97: Não | K97: 3 | L97: =IFS(K97<=10,"Baixo",K97<=25, "Médio", K97>25, "Alto") -> Baixo | M97: =IF(AND(J97="Sim", L97="Alto"),"Negado","Aceito") -> Aceito | N97: =IF(AND(I97> 50000, J97 = "Sim"),"Negativa", "Positiva") -> Positiva | O97: 50500 | P97: =IF(AND(Q97=1,A97="Ativo"), O97*1.08, 0) -> 54540 | Q97: =IF(AND(M97="Negado", N97="Negativa"),0,1) -> 1
A98: Inativo | B98: Jorah Seaworth | C98: 20700 | D98: 66 | E98: 22151 | F98: Fosso Cailin | G98: Norte | H98: 28800 | I98: 16000 | J98: Sim | K98: 44 | L98: =IFS(K98<=10,"Baixo",K98<=25, "Médio", K98>25, "Alto") -> Alto | M98: =IF(AND(J98="Sim", L98="Alto"),"Negado","Aceito") -> Negado | N98: =IF(AND(I98> 50000, J98 = "Sim"),"Negativa", "Positiva") -> Positiva | O98: 59000 | P98: =IF(AND(Q98=1,A98="Ativo"), O98*1.08, 0) -> 0 | Q98: =IF(AND(M98="Negado", N98="Negativa"),0,1) -> 1
A99: Ativo | B99: Stannis Redwyne | C99: 000.000.216-00 | D99: 34 | E99: 33835 | F99: Jardim de Cima | G99: Campina | H99: 5100 | I99: 17000 | J99: Não | K99: 3 | L99: =IFS(K99<=10,"Baixo",K99<=25, "Médio", K99>25, "Alto") -> Baixo | M99: =IF(AND(J99="Sim", L99="Alto"),"Negado","Aceito") -> Aceito | N99: =IF(AND(I99> 50000, J99 = "Sim"),"Negativa", "Positiva") -> Positiva | O99: 4500 | P99: =IF(AND(Q99=1,A99="Ativo"), O99*1.08, 0) -> 4860 | Q99: =IF(AND(M99="Negado", N99="Negativa"),0,1) -> 1
A100: Inativo | B100: Yara Royce | C100: 000.000.277-00 | D100: 65 | E100: 22377 | F100: Ninho da Águia | G100: Vale | H100: 12700 | I100: 60500 | J100: Não | K100: 36 | L100: =IFS(K100<=10,"Baixo",K100<=25, "Médio", K100>25, "Alto") -> Alto | M100: =IF(AND(J100="Sim", L100="Alto"),"Negado","Aceito") -> Aceito | N100: =IF(AND(I100> 50000, J100 = "Sim"),"Negativa", "Positiva") -> Positiva | O100: 28000 | P100: =IF(AND(Q100=1,A100="Ativo"), O100*1.08, 0) -> 0 | Q100: =IF(AND(M100="Negado", N100="Negativa"),0,1) -> 1
...

Sheet Original_SemLimpeza
A1: status | B1: nome | C1: cpf | D1: idade | E1: data_nascimento | F1: cidade | G1: regiao | H1: renda_mensal | I1: credito_tomado | J1: flag_inadimplente | K1: qtde_batalhas | L1: nivel_risco | M1: valor_solicitado
A2: Ativo | B2: Ellaria Baelish | C2: 000.000.336-00 | D2: 32 | E2: 13/01/1994 | F2: Ninho da Águia | G2: Vale | H2: 15600 | I2: 0 | J2: Sim | K2: 34 | M2: 16000
A3: Inativo | B3: Stannis Lannister | C3: 36100 | D3: 24 | E3: 26/02/2002 | F3: Ponta Tempestade | G3: Terras da Tempestade | H3: 11000 moedas | I3: 76500 | J3: Sim | K3: 33 | M3: 26000
A4: Ativo | B4: Asha Hornwood | C4: 000.000.363-00 | D4: 33 | E4: 34144 | F4: Pedra do Dragão | G4: Terras da Coroa | H4: 21500 moedas | I4: N/A | J4: não | K4: 22 | M4: 51500
A5: Ativo | B5: Jorah Dondarrion | C5: 000.000.210-00 | D5: 63 | E5: 23156 | F5: Pyke | Ilhas de Ferro | H5: 10400 moedas | I5: 8500 | J5: não | K5: 39 | M5: 36500
A6: Ativo | B6: Jojen Florent | C6: 000.000.321-00 | D6: 32 | E6: 34299 | F6: Ninho da Águia | G6: vale | H6: R$ 30.000,00 | J6: Não | K6: 5 | M6: 65000
A7: Ativo | B7: Olenna Baelish | C7: 000.000.191-00 | D7: 48 | E7: 28647 | F7: Lannisporto | H7: 13200 | I7: 3500 moedas | J7: Não | K7: 1 | M7: 32500
A8: ATIVO | B8: Brienne Manderly | C8: 000.000.076-00 | D8: 28 | E8: 35887 | F8: Lannisporto | G8: Oeste | H8: 8600 moedas | I8: R$ 19.000,00 | J8: Sim | K8: 4 | M8: 32500
A9: Inativo | B9: yara targaryen | C9: 000.000.059-00 | D9: 42 | E9: 30899 | F9: Pyke | G9: Ilhas De Ferro | H9: 18200 moedas | I9: 31000 moedas | J9: Não | K9: 19 | M9: 63500
A10: Ativo | B10: Margaery Tarly | C10: 000.000.274-00 | D10: 34 | E10: 21/01/1992 | F10: Pyke | G10: ilhas de ferro | H10: 8000 | I10: 14.5 | J10: Sim | K10: 9 | M10: 17500
A11: Inativo | B11: Viserys Seaworth | C11: 000.000.024-00 | D11: 61 | E11: 17/10/1964 | F11: Meereen | G11: Essos | H11: 23000 moedas | I11: 44500 | J11: Sim | K11: 32 | M11: 2000
A12: Ativo | B12: Tormund Cerwyn | C12: 000.000.039-00 | D12: 33 | E12: 34147 | F12: Meereen | G12: Essos | H12: 28700 | I12: 12500 | J12: Não | K12: 41 | M12: 99500
A13: Ativo | B13: catelyn westerling | C13: 35800 | D13: 70 | E13: 20515 | F13: Braavos | G13: Essos | H13: 19500 moedas | I13: 62000 | J13: Sim | K13: 45 | M13: 35500
A14: Ativo | B14: Robb Baratheon | C14: 000.000.365-00 | D14: 54 | E14: 24/03/1972 | F14: Ponta Tempestade | G14: Terras da Tempestade | H14: 22100 | I14: 37000 | J14: Não | K14: 34 | M14: 87000
A15: Ativo | B15: Asha Tallhart | C15: 8600 | E15: 32260 | F15: Pyke | G15: Ilhas de Ferro | H15: 17600 moedas | I15: 0 | J15: Sim | K15: 31 | M15: 47500
A16: Inativo | B16: Missandei Tarly | C16: 200 | D16: 55 | E16: 25892 | F16: Ponta Tempestade | G16: TERRAS DA TEMPESTADE | H16: 5300 | I16: 6.5 | J16: Não | K16: 42 | M16: 96000
A17: Inativo | B17: Jeor Mallister | C17: 000.000.162-00 | D17: 47 | E17: 29064 | F17: Correrrio | G17: Terras Fluviais | H17: 13300 | I17: 1000 | J17: Sim | K17: 24 | M17: 61500
A18: Inativo | B18: Eddard Crakehall | C18: 31800 | D18: 43 | E18: 30391 | F18: Castelo Negro | G18: Norte | H18: 7100 | I18: 5500 moedas | J18: Não | K18: 23 | M18: 67000
A19: Ativo | B19: Podrick Swyft | C19: 000.000.090-00 | D19: 32 | E19: 34398 | F19: Correrrio | G19: TERRAS FLUVIAIS | H19: 21.3 | I19: R$ 48.000,00 | J19: Não | K19: 11 | M19: 35000
A20: Ativo | B20: Podrick Dayne | C20: 22300 | D20: 25 | E20: 36536 | F20: Vilavelha | G20: Campina | H20: 9.4 | I20: 51500 | J20: Não | K20: 14 | M20: 29500
A21: Ativo | B21: Ellaria Seaworth | C21: 000.000.125-00 | D21: 23 | E21: 37627 | F21: Correrrio | G21: TERRAS FLUVIAIS | I21: 69000 | J21: Não | K21: 20 | M21: 69000
A22: Inativo | B22: Melisandre Clegane | C22: 000.000.231-00 | D22: 53 | E22: 26/11/1972 | F22: Ilha dos Ursos | G22: NORTE | H22: 16.5 | I22: R$ 4.000,00 | J22: Não | K22: 14 | M22: 36000
A23: Ativo | B23: Robert Karstark | C23: 000.000.184-00 | E23: 21378 | F23: Meereen | H23: 14300 | I23: 32500 | J23: Sim | K23: 15 | M23: 8000
A24: Inativo | B24: rhaegar stark | C24: 000.000.119-00 | D24: 33 | E24: 23/04/1993 | F24: Meereen | G24: Essos | H24: 23600 | I24: 75.5 | J24: Não | K24: 16 | M24: 88000
A25: Ativo | B25: Loras Greyjoy | C25: 000.000.362-00 | D25: 68 | E25: 21145 | F25: Fosso Cailin | G25: Norte | H25: 29000 | I25: 67500 | J25: Não | K25: 25 | M25: 18000
A26: Inativo | B26: Jorah Hightower | C26: 000.000.346-00 | D26: 62 | E26: 23140 | F26: Pedra do Dragão | G26: TERRAS DA COROA | I26: 0 | J26: Sim | K26: 1 batalhas | M26: 12000
A27: Ativo | B27: Loras Clegane | C27: 000.000.287-00 | D27: 58 | E27: 24911 | F27: Harrenhal | G27: Terras Fluviais | H27: R$ 25.400,00 | I27: 70500 | J27: Sim | K27: 11 | M27: 47000
A28: Ativo | B28: Jojen Florent | C28: 34300 | D28: 48 | E28: 28408 | F28: Winterfell | H28: 13.3 | I28: 42000 | J28: Sim | K28: 27 | M28: 40000
A29: Ativo | B29: samwell yronwood | C29: 000.000.124-00 | D29: 29 | E29: 35323 | F29: Jardim de Cima | G29: Campina | H29: 21200 | I29: 75000 | J29: Não | K29: 6 | M29: 63500
A30: Ativoo | B30: Catelyn Yronwood | C30: 000.000.226-00 | D30: 38 | E30: 32166 | F30: Castelo Negro | G30: norte | H30: 19500 moedas | I30: 39000 | J30: Não | K30: 25 | M30: 88500
A31: Inativo | B31: Brienne Reed | C31: 000.000.306-00 | D31: 68 | E31: 21293 | F31: Pyke | G31: Ilhas de Ferro | H31: 3800 | I31: 70000 | J31: Sim | K31: 34 | M31: 7500
A32: Ativo | B32: Rhaegar Umber | C32: 000.000.247-00 | D32: 19 | E32: 18/05/2007 | F32: Vilavelha | G32: Campina | H32: 18000 | I32: 50500 | J32: sim | K32: 11 | M32: 26000
A33: Ativo | B33: Roose Manderly | C33: 15400 | D33: 42 | E33: 30642 | F33: Dorne | G33: Dorne | H33: sem renda | I33: 19500 | J33: Não | K33: 42 | M33: 89500
A34: Ativo | B34: Jeor Florent | C34: 000.000.249-00 | D34: 27 | E34: 36319 | F34: Ponta Tempestade | G34: terras da tempestade | H34: 28800 | I34: 78.5 | J34: Não | K34: 2 | M34: 53000
A35: Ativo | B35: Bran Yronwood | C35: 000.000.057-00 | D35: 42 | E35: 30878 | F35: Pyke | G35: Ilhas de Ferro | H35: 17500 | I35: 3500 | J35: Nao | K35: 25 | M35: 35000
A36: Ativo | B36: BRONN ARRYN | C36: 000.000.016-00 | D36: 44 | E36: 29975 | F36: Lannisporto | G36: oeste | H36: 5300 | I36: 6000 | J36: Sim | K36: 1 | M36: 4500
A37: Ativo | B37: Shae Clegane | C37: 000.000.205-00 | D37: 40 | E37: 31598 | F37: Fosso Cailin | G37: Norte | H37: 9900 | I37: 3500 | J37: Não | K37: 1 | M37: 23500
A38: Ativo | B38: Ramsay Hornwood | C38: 000.000.005-00 | D38: 65 | E38: 16/11/1960 | F38: Pyke | G38: Ilhas De Ferro | H38: 23400 moedas | I38: 28000 | J38: Não | K38: 34 | M38: 74000
B39: MEERA PAYNE | C39: 000.000.131-00 | D39: 63 | E39: 22974 | F39: Dorne | G39: DORNE | H39: R$ 14.700,00 | I39: 0 | J39: sim | K39: 40 | M39: 83500
A40: Ativo | B40: MELISANDRE BARATHEON | C40: 000.000.364-00 | D40: 22 | F40: Meereen | G40: Essos | H40: 14400 | I40: 0 | J40: Não | K40: 27 batalhas | M40: 33500
A41: ATIVO | B41: Podrick Targaryen | C41: 000.000.050-00 | D41: 39 | E41: 31879 | F41: Vilavelha | G41: Campina | H41: 29900 moedas | I41: 0 | J41: Não | K41: 39 | M41: 75000
A42: Ativo | B42: Margaery Manderly | C42: 000.000.222-00 | D42: 63 | E42: 23231 | F42: Winterfell | G42: Norte | H42: 16800 | I42: 0 | K42: 32 | M42: 61500
A43: Ativo | B43: Daenerys Seaworth | C43: 000.000.341-00 | D43: 54 | E43: 26124 | F43: Vilavelha | G43: CAMPINA | H43: 29700 | I43: 34000 | J43: Não | K43: 35 | M43: 35000
A44: Ativo | B44: Brienne Manderly | C44: 000.000.140-00 | D44: 29 | E44: 35472 | F44: Fosso Cailin | Norte | H44: 11900 | I44: 65000 | J44: Sim | K44: 29 | M44: 12000
A45: Ativo | B45: Jorah Redwyne | C45: 16500 | D45: 37 | E45: 32513 | F45: Monte Chifre | G45: campina | H45: R$ 2.600,00 | I45: N/A | J45: Não | K45: 5 | M45: 16500
A46: Ativo | B46: Margaery Hornwood | C46: 15100 | D46: 25 | E46: 22/08/2001 | F46: Dorne | G46: Dorne | H46: 2500 | I46: 72500 | J46: Não | K46: 32 | M46: 97000
A47: Ativo | B47: Arya Redwyne | C47: 000.000.333-00 | D47: 21 | E47: 38323 | F47: Correrrio | G47: Terras Fluviais | H47: 3800 moedas | I47: 0 | J47: Não | K47: 25 | M47: 50000
A48: Ativo | B48: VARYS BRACKEN | C48: 000.000.215-00 | D48: 28 | E48: 35830 | F48: Porto Real | G48: Terras da Coroa | H48: 2000 moedas | I48: 51000 | J48: Nao | K48: 12 | M48: 72500
A49: Ativo | B49: Brienne Royce | C49: 10800 | D49: 39 | E49: 20/12/1986 | F49: Vilavelha | G49: campina | H49: 24700 | I49: 23500 moedas | J49: Não | K49: 43 | M49: 57000
A50: Ativo | B50: Rickon Redwyne | C50: 15000 | D50: 73 | E50: 19588 | F50: Fosso Cailin | G50: Norte | H50: 28.6 | I50: 40500 | J50: Não | K50: 20 | M50: 2500
A51: Ativo | B51: Tormund Karstark | C51: 000.000.284-00 | D51: 42 | E51: 30662 | F51: Castelo Negro | G51: NORTE | H51: 20400 | I51: 0 | J51: Nao | K51: 0 | M51: 81000
A52: Ativo | B52: Bran Dayne | C52: 000.000.288-00 | D52: 48 | E52: 28136 | F52: Pyke | G52: Ilhas De Ferro | H52: 4500 moedas | I52: 0 | J52: Não | K52: 3 | M52: 48500
A53: Inativo | B53: Jorah Dondarrion | C53: 000.000.294-00 | D53: 39 | E53: 31634 | F53: Lannisporto | G53: Oeste | H53: 22200 | I53: 0 | J53: Sim | K53: 3 | M53: 7000
A54: Ativo | B54: Aegon Frey | C54: 000.000.338-00 | D54: 56 | E54: 18/11/1969 | F54: Dorne | G54: Dorne | H54: 11100 moedas | I54: 63000 | J54: Não | K54: 0 | M54: 56000
A55: Ativo | B55: Daenerys Snow | C55: 14200 | D55: 48 | E55: 28770 | F55: Dorne | Dorne | H55: 15800 | I55: N/A | J55: Não | K55: 12 | M55: 69500
A56: Ativo | B56: Asha Baratheon | C56: 000.000.195-00 | D56: 70 | E56: 25/04/1956 | F56: Braavos | G56: Essos | H56: 16300 | I56: 16500 | J56: Não | K56: 25 | M56: 65500
A57: ATIVO | B57: Rickon Crakehall | C57: 000.000.066-00 | D57: 24 | E57: 37435 | F57: Atalaia da Água Cinzenta | G57: gargalo | H57: 6100 | J57: NÃO | K57: 15 | M57: 67000
A58: Ativo | B58: Eddard Mallister | C58: 000.000.309-00 | D58: 47 | E58: 28802 | F58: Atalaia da Água Cinzenta | G58: GARGALO | H58: 22700 | I58: 8500 | K58: 35 | M58: 23500
A59: Ativo | B59: Daario Clegane | C59: 000.000.270-00 | D59: 33 | E59: 33704 | F59: Castelo Negro | G59: NORTE | H59: 29.7 | I59: 22000 | J59: Não | K59: 38 batalhas | M59: 81000
A60: Inativo | B60: Ellaria Mallister | C60: 000.000.194-00 | D60: 38 | E60: 21/11/1987 | F60: Pyke | G60: ilhas de ferro | H60: 13500 | I60: 24000 | J60: Não | K60: 2 | M60: 17500
A61: Inativo | B61: Stannis Cerwyn | C61: 3400 | D61: 35 | E61: 27/11/1990 | F61: Winterfell | G61: norte | H61: 17600 | I61: 44000 | J61: NÃO | K61: 22 | M61: 56500
A62: Inativo | B62: ELLARIA TARLY | C62: 000.000.026-00 | D62: 67 | E62: 21512 | F62: Braavos | G62: ESSOS | H62: R$ 3.200,00 | I62: 6500 | J62: Não | K62: 20 | M62: 52500
A63: ativo | B63: Daario Tyrell | C63: 000.000.251-00 | D63: 51 | E63: 14/12/1974 | F63: Pyke | G63: Ilhas De Ferro | H63: 16300 | J63: Nao | K63: 8 | M63: 33000
A64: Inativo | B64: Daario Marbrand | C64: 000.000.014-00 | D64: 46 anos | E64: 15/09/1979 | F64: Fosso Cailin | G64: Norte | H64: 15000 | I64: 32500 | J64: Não | K64: 40 | M64: 4500
A65: Ativo | B65: Thoros Tarth | C65: 23900 | D65: 39 | E65: 31740 | F65: Pyke | G65: ILHAS DE FERRO | H65: R$ 13.200,00 | I65: N/A | J65: Não | K65: 38 batalhas | M65: 36000
A66: Ativo | B66: Arya Marbrand | C66: 000.000.133-00 | D66: 24 | E66: 37172 | F66: Ninho da Águia | G66: Vale | H66: 21600 | I66: R$ 25.000,00 | J66: Não | K66: 33 | M66: 17500
A67: Ativo | B67: Davos Tyrell | C67: 16100 | D67: 57 | F67: Lannisporto | G67: oeste | H67: sem renda | J67: Sim | K67: 28 batalhas | M67: 13000
A68: Ativo | B68: Lyanna Florent | C68: 6300 | D68: 68 | F68: Pedra do Dragão | G68: Terras da Coroa | H68: 19.9 | I68: 35000 | J68: Nao | K68: 25 | M68: 59500
A69: Ativo | B69: Varys Bolton | C69: 27200 | D69: 56 | E69: 22/05/1970 | F69: Fosso Cailin | G69: Norte | H69: 14100 | I69: 1500 | J69: Não | K69: 26 | M69: 36000
A70: ATIVO | B70: Shae Seaworth | C70: 000.000.030-00 | D70: 33 | E70: 27/02/1993 | F70: Braavos | G70: essos | H70: 3400 | I70: 0 | J70: Não | K70: 13 | M70: 70000
A71: Ativo | B71: Jojen Reed | C71: 000.000.136-00 | D71: 41 | E71: 19/09/1984 | F71: Ponta Tempestade | G71: Terras da Tempestade | H71: 20000 moedas | I71: 20.5 | J71: Sim | K71: 8 | M71: 44000
A72: Ativo | B72: Podrick Blackwood | C72: 000.000.135-00 | E72: 18/03/1994 | F72: Dorne | G72: Dorne | I72: 0 | J72: Não | K72: 20 | M72: 42000
A73: Ativo | B73: Renly Mallister | C73: 000.000.372-00 | D73: 34 | E73: 33525 | F73: Winterfell | H73: 28000 | I73: 36500 | J73: Não | K73: 33 | M73: 60000
A74: Ativo | B74: Cersei Clegane | C74: 000.000.323-00 | D74: 24 | E74: 37259 | F74: Dorne | G74: Dorne | H74: 25200 | I74: 0 | J74: Não | K74: 10 | M74: 69500
A75: Ativo | B75: BERIC CRAKEHALL | C75: 000.000.067-00 | D75: 55 | E75: 26104 | F75: Pyke | G75: Ilhas De Ferro | H75: 22.1 | I75: 41500 | J75: Não | K75: 18 | M75: 65000
A76: Inativo | B76: Ellaria Bracken | C76: 000.000.138-00 | D76: 59 | E76: 24512 | F76: Monte Chifre | G76: CAMPINA | H76: 6300 | I76: 15000 | J76: Não | K76: 42 | M76: 8500
A77: Inativo | B77: Ellaria Reed | C77: 000.000.311-00 | D77: 70 | E77: 17/02/1956 | F77: Lannisporto | G77: Oeste | H77: 2.5 | I77: 0 | J77: Não | K77: 38 | M77: 44500
A78: Ativo | B78: Daenerys Tallhart | C78: 000.000.092-00 | D78: 37 | E78: 32543 | F78: Vilavelha | G78: Campina | H78: 29200 | I78: R$ 45.000,00 | J78: Não | K78: 26 | M78: 23500
A79: Ativo | B79: Lyanna Marbrand | C79: 000.000.283-00 | D79: 27 | E79: 36308 | F79: Correrrio | G79: Terras Fluviais | H79: 5300 | I79: 22000 moedas | J79: NÃO | K79: 11 | M79: 28500
A80: Ativo | B80: Ramsay Dondarrion | C80: 000.000.054-00 | D80: 55 | E80: 25874 | F80: Dorne | G80: dorne | H80: 29.1 | I80: 5500 moedas | J80: Não | K80: 11 | M80: 56000
A81: ATIVO | B81: Thoros Baelish | C81: 000.000.011-00 | D81: 53 | E81: 28/05/1973 | F81: Meereen | G81: Essos | H81: 27800 | I81: R$ 52.000,00 | J81: Não | K81: 43 | M81: 93500
A82: Ativo | B82: Melisandre Blackwood | C82: 000.000.051-00 | D82: 40 | E82: 31647 | F82: Fosso Cailin | G82: Norte | H82: R$ 18.700,00 | I82: 15000 | K82: 26 | M82: 89500
A83: Ativo | B83: Yara Baelish | C83: 34400 | D83: 64 | E83: 22836 | F83: Solar do Entardecer | G83: Terras Da Tempestade | H83: 24300 | I83: 16.5 | J83: Sim | K83: 24 | M83: 57000
A84: Ativo | B84: Cersei Stark | C84: 000.000.293-00 | D84: 25 | E84: 19/07/2001 | F84: Ninho da Águia | G84: Vale | H84: 28.8 | J84: Não | K84: 12 | M84: 46500
A85: Ativo | B85: Jon Karstark | C85: 000.000.139-00 | D85: 55 anos | E85: 16/08/1971 | F85: Jardim de Cima | H85: 12200 | I85: 70500 moedas | J85: não | K85: 33 | M85: 78000
A86: Ativo | B86: Yara Royce | C86: 32000 | D86: 68 | E86: 21162 | F86: Castelo Negro | G86: Norte | H86: 11.5 | I86: 17500 | J86: Não | K86: 19 | M86: 26000
A87: Ativo | B87: Jeor Lannister | C87: 000.000.091-00 | D87: 37 | E87: 32412 | F87: Fosso Cailin | G87: norte | H87: 24700 | I87: R$ 23.000,00 | J87: Sim | K87: 10 batalhas | M87: 37500
A88: Ativo | B88: bran florent | C88: 000.000.218-00 | D88: 62 | E88: 23488 | F88: Ninho da Águia | G88: Vale | H88: sem renda | I88: N/A | J88: Não | K88: 38 batalhas | M88: 72000
A89: Ativo | B89: Jojen Redwyne | C89: 000.000.334-00 | D89: 24 anos | E89: 37491 | F89: Dorne | G89: dorne | H89: R$ 8.900,00 | I89: 19500 | J89: Sim | K89: 33 | M89: 96500
A90: Ativo | B90: Bronn Mallister | C90: 000.000.200-00 | D90: 35 | F90: Vilavelha | G90: Campina | H90: 28000 | I90: 76500 moedas | J90: Não | K90: 39 | M90: 32000
A91: Ativo | B91: Olenna Reed | C91: 000.000.248-00 | D91: 40 | E91: 31408 | F91: Braavos | Essos | H91: 17400 | I91: 53 | J91: Sim | K91: 20 | M91: 52500
A92: Ativoo | B92: Jon Hightower | C92: 000.000.081-00 | D92: 59 | E92: 24362 | F92: Winterfell | G92: Norte | H92: 18900 | I92: 1000 | J92: sim | K92: 42 | M92: 16500
A93: Inativo | B93: renly dayne | C93: 000.000.065-00 | E93: 19672 | F93: Dorne | G93: Dorne | H93: 21000 | I93: 0 | J93: Nao | K93: 11 | M93: 75500
A94: Ativo | B94: Missandei Karstark | C94: 000.000.044-00 | D94: 42 | E94: 16/12/1983 | F94: Pedra do Dragão | G94: terras da coroa | H94: 6000 | I94: R$ 55.000,00 | J94: Não | K94: 5 | M94: 10000
A95: Ativo | B95: Catelyn Cerwyn | C95: 000.000.308-00 | D95: 60 | E95: 23905 | F95: Atalaia da Água Cinzenta | G95: gargalo | H95: 13.8 | I95: 45500 | J95: Não | K95: 30 | M95: 17500
A96: Ativo | B96: Margaery Dayne | C96: 000.000.276-00 | D96: 36 | E96: 32791 | F96: Jardim de Cima | G96: CAMPINA | H96: 23900 | I96: 58000 | J96: Não | K96: 27 | M96: 38000
A97: Ativo | B97: Rickon Karstark | C97: 000.000.088-00 | D97: 74 | E97: 19121 | F97: Castelo Negro | G97: Norte | H97: 7300 | I97: 1000 | J97: Não | K97: 3 | M97: 50500
A98: Ativoo | B98: Jorah Seaworth | C98: 20700 | D98: 66 | E98: 23/08/1960 | F98: Fosso Cailin | Norte | H98: 28800 moedas | I98: 16000 | J98: Sim | K98: 44 | M98: 59000
A99: Ativo | B99: Stannis Redwyne | C99: 000.000.216-00 | D99: 34 | E99: 33835 | F99: Jardim de Cima | Campina | H99: 5100 | I99: 17000 | J99: Não | K99: 3 batalhas | M99: 4500
A100: Ativo | B100: Yara Royce | C100: 000.000.277-00 | D100: 65 | E100: 22377 | F100: Ninho da Águia | G100: vale | H100: 12700 | I100: R$ 60.500,00 | J100: Não | K100: 36 | M100: 28000
...

Sheet Gráfico
B1: Qual a porcentagem negada de liberação de crédito entre os inadimplentes?
B2: inadimplentes | C2: créditos_negados | D2: percentual_negado | E2: percentual_aprovado
A3: Renda maior que 20 mil | B3: =COUNTIFS(Panilha_tratada!$J:$J, "Sim", Panilha_tratada!$H:$H, ">=20000") -> 29 | C3: =COUNTIFS(Panilha_tratada!$J:$J, "Sim", Panilha_tratada!$H:$H, ">20000",Panilha_tratada!$P:$P, 0) -> 12 | D3: =C3 / B3 -> 0.4137931 | E3: =1 - D3 -> 0.5862069
A4: Renda entre 10 e 20 mil | B4: =COUNTIFS(Panilha_tratada!$J:$J, "Sim", Panilha_tratada!$H:$H, ">=10000", Panilha_tratada!$H:$H, "<20000") -> 27 | C4: =COUNTIFS(Panilha_tratada!$J:$J, "Sim", Panilha_tratada!$H:$H, ">=10000", Panilha_tratada!$H:$H, "<20000",Panilha_tratada!$P:$P, 0) -> 11 | D4: =C4 / B4 -> 0.40740741 | E4: =1 - D4 -> 0.59259259
A5: Renda menor que 10 mil | B5: =COUNTIFS(Panilha_tratada!$J:$J, "Sim", Panilha_tratada!$H:$H, "<10000") -> 29 | C5: =COUNTIFS(Panilha_tratada!$J:$J, "Sim", Panilha_tratada!$H:$H, "<10000",Panilha_tratada!$P:$P, 0) -> 13 | D5: =C5 / B5 -> 0.44827586 | E5: =1 - D5 -> 0.55172414
A6: Total | B6: =COUNTIFS(Panilha_tratada!$J:$J, "Sim") -> 85 | C6: =COUNTIFS(Panilha_tratada!$J:$J, "Sim", Panilha_tratada!$P:$P, 0) -> 36 | D6: =C6 / B6 -> 0.42352941 | E6: =1 - D6 -> 0.57647059

Sheet Relatório
A1: Coluna analisada | B1: Problema encontrado | C1: Exemplo encontrado | D1: Tipo do problema | E1: Ação realizada | F1: Resultado esperado | G1: Decisão
A2: status | B2: Categorias escritas de formas diferentes e valores inconsistentes | C2: ATIVO, ativo, Ativoo, loqueado | D2: Padronização / Qualidade | E2: Padronização das categorias para Ativo e Inativo | F2: Uma única categoria válida para cada status | G2: Corrigido
A3: nome | B3: Nomes com diferenças de maiúsculas e minúsculas e registros sem nome | C3: yara targaryen / BRONN ARRYN / célula vazia | D3: Padronização / Qualidade | E3: Aplicado padrão de capitalização aos nomes; valores vazios foram mantidos | F3: Uma padronização nos nomes e manutenção dos valores que não podem ser recuperados | G3: Corrigido
A4: cpf | B4: Valores numéricos sem a formatação padrão de CPF | C4: 3300 / 36100 | D4: Formatação | E4: Aplicada formatação personalizada 000"."000"."000"-"00 | F4: Valores exibidos no formato 000.000.000-00 | G4: Corrigido
A5: idade | B5: Valores ausentes ou inconsistentes com a data de nascimento | C5: 32 → 33 / células vazias | D5: Qualidade | E5: Recalculada a idade a partir da data de nascimento | F5: Idade consistente com a data de nascimento | G5: Corrigido
A6: data_nascimento | B6: Datas em formatos diferentes e valores armazenados como número | C6: 13/01/1994 / 34144 | D6: Formatação / Tipo | E6: Conversão dos valores para o formato de data | F6: Valores reconhecidos como datas e apresentados no mesmo formato | G6: Corrigido
A7: cidade | B7: Existem valores vazios que não podem ser recuperados | C7: Pyke / célula vazia | D7: Qualidade | E7: Valores disponíveis foram mantidos e células vazias sem informação foram deixadas vazias | F7: Cidade preenchida quando existe informação disponível | G7: Registrado
A8: regiao | B8: Regiões com diferenças de escrita ou informações ausentes | C8: vale / célula vazia | D8: Qualidade / Padronização | E8: Padronização dos valores e preenchimento quando a informação permitia | F8: Uma região padronizada para cada registro quando possível | G8: Corrigido
A9: renda_mensal | B9: Valores misturados entre números, moedas e textos | C9: R$ 8.900,00 / 11000 moedas | D9: Qualidade / Tipo | E9: Removidos textos e símbolos desnecessários e valores convertidos para número | F9: Valores numéricos consistentes na coluna | G9: Corrigido
A10: credito_tomado | B10: Mistura de números, valores monetários e células com N/A | C10: 3500 moedas / R$ 19.000,00 / N/A | D10: Qualidade / Negócio | E10: Valores monetários convertidos para número e diferenças de ausência preservadas | F10: Valores numéricos sem perder o significado de ausência | G10: Registrado
A11: flag_inadimplente | B11: Categorias equivalentes escritas de formas diferentes | C11: SIM, sim, NÃO, não, Nao, 0, 1 | D11: Padronização | E11: Conversão dos valores para as categorias Sim e Não | F11: Somente categorias padronizadas Sim ou Não | G11: Corrigido
A12: qtde_batalhas | B12: Texto junto ao valor numérico | C12: 44 batalhas | D12: Qualidade / Tipo | E12: Removido o texto e convertido o valor para número | F12: Quantidade numérica pronta para análise | G12: Corrigido
... A14: valor_solicitado | B14: Valor apresentado incorretamente na base tratada | C14: 43.500 → 63.500 | D14: Qualidade / Auditoria | E14: Valor corrigido de acordo com a verificação realizada | F14: Valor solicitado correto e consistente com a base | G14: Corrigido

Sheet Fórmulas
A1: Formulas(nao todas)
A2: /=PROPER()
A3: /=2026-YEAR(F2)
A4: /=IF(I2 = "";"N/A"; I2)
A5: /=VALUE(H2)
A6: /=IFS(J2 = "";"N/A";J2 = "0";"Não"; J2= "1"; "Sim"; J2="Sim"; J2; J2="Não"; J2)
A7: /=IFS(AND(M2="Negado"; N2="Negativa"); "0"; AND(M2="Aceito"; N2="Positiva"; A2="Inativo"); "00";AND(M2="Aceito"; N2="Positiva"; A2="Ativo"); "1";)
A8: /=IF(H2<100; H2*1000; H2)
